action_type,combined_shot_type,game_event_id,game_id,lat,loc_x,loc_y,lon,minutes_remaining,period,playoffs,season,seconds_remaining,shot_distance,shot_made_flag,shot_type,shot_zone_area,shot_zone_basic,shot_zone_range,team_id,team_name,game_date,matchup,opponent,shot_id,remaining_time,dist
Driving Layup Shot,Layup,100,20000019,34.0443,0,0,-118.2698,0,1,0,2000-01,1,0,1.0,2PT Field Goal,Center(C),Restricted Area,Less Than 8 ft.,1610612747,Los Angeles Lakers,2000-11-01,LAL vs. UTA,UTA,17,1,0.0
Layup Shot,Layup,26,20000047,34.0253,1,19,-118.2688,7,1,0,2000-01,33,1,1.0,2PT Field Goal,Center(C),Restricted Area,Less Than 8 ft.,1610612747,Los Angeles Lakers,2000-11-04,LAL @ VAN,VAN,35,453,19.02629759044045
Reverse Layup Shot,Layup,327,20000098,34.0443,0,0,-118.2698,2,3,0,2000-01,56,0,1.0,2PT Field Goal,Center(C),Restricted Area,Less Than 8 ft.,1610612747,Los Angeles Lakers,2000-11-12,LAL vs. HOU,HOU,133,176,0.0
Driving Layup Shot,Layup,120,20000108,34.0443,0,0,-118.2698,10,2,0,2000-01,5,0,1.0,2PT Field Goal,Center(C),Restricted Area,Less Than 8 ft.,1610612747,Los Angeles Lakers,2000-11-14,LAL vs. DEN,DEN,150,605,0.0
Dunk Shot,Dunk,418,20000108,34.0443,0,0,-118.2698,5,4,0,2000-01,32,0,1.0,2PT Field Goal,Center(C),Restricted Area,Less Than 8 ft.,1610612747,Los Angeles Lakers,2000-11-14,LAL vs. DEN,DEN,165,332,0.0
Jump Shot,Jump Shot,54,20000140,34.0503,174,-6,-118.0958,6,1,0,2000-01,24,17,1.0,2PT Field Goal,Right Side(R),Mid-Range,16-24 ft.,1610612747,Los Angeles Lakers,2000-11-18,LAL @ DEN,DEN,192,384,174.1034175425629
Driving Layup Shot,Layup,57,20000140,34.0443,0,0,-118.2698,6,1,0,2000-01,2,0,1.0,2PT Field Goal,Center(C),Restricted Area,Less Than 8 ft.,1610612747,Los Angeles Lakers,2000-11-18,LAL @ DEN,DEN,193,362,0.0
Jump Shot,Jump Shot,56,20000180,33.8903,106,154,-118.1638,6,1,0,2000-01,22,18,1.0,2PT Field Goal,Right Side Center(RC),Mid-Range,16-24 ft.,1610612747,Los Angeles Lakers,2000-11-24,LAL vs. MIN,MIN,257,382,186.9545399288287
Layup Shot,Layup,250,20000267,34.0443,0,0,-118.2698,8,3,0,2000-01,25,0,1.0,2PT Field Goal,Center(C),Restricted Area,Less Than 8 ft.,1610612747,Los Angeles Lakers,2000-12-06,LAL @ GSW,GSW,439,505,0.0
Driving Layup Shot,Layup,453,20000320,34.0443,0,0,-118.2698,0,4,0,2000-01,47,0,1.0,2PT Field Goal,Center(C),Restricted Area,Less Than 8 ft.,1610612747,Los Angeles Lakers,2000-12-13,LAL @ POR,POR,555,47,0.0
Driving Layup Shot,Layup,402,20000373,34.0443,0,0,-118.2698,6,4,0,2000-01,16,0,1.0,2PT Field Goal,Center(C),Restricted Area,Less Than 8 ft.,1610612747,Los Angeles Lakers,2000-12-21,LAL @ HOU,HOU,651,376,0.0
Alley Oop Dunk Shot,Dunk,296,20000379,34.0443,0,0,-118.2698,5,3,0,2000-01,51,0,1.0,2PT Field Goal,Center(C),Restricted Area,Less Than 8 ft.,1610612747,Los Angeles Lakers,2000-12-22,LAL @ DAL,DAL,670,351,0.0
Layup Shot,Layup,53,20000456,34.0443,0,0,-118.2698,6,1,0,2000-01,1,0,1.0,2PT Field Goal,Center(C),Restricted Area,Less Than 8 ft.,1610612747,Los Angeles Lakers,2001-01-03,LAL vs. UTA,UTA,735,361,0.0
Driving Layup Shot,Layup,84,20000571,34.0443,0,0,-118.2698,1,1,0,2000-01,30,0,1.0,2PT Field Goal,Center(C),Restricted Area,Less Than 8 ft.,1610612747,Los Angeles Lakers,2001-01-19,LAL vs. HOU,HOU,859,90,0.0
Jump Shot,Jump Shot,16,20000599,33.9813,-4,63,-118.2738,9,1,0,2000-01,19,6,1.0,2PT Field Goal,Center(C),In The Paint (Non-RA),Less Than 8 ft.,1610612747,Los Angeles Lakers,2001-01-23,LAL @ SEA,SEA,903,559,63.12685640834652
Jump Shot,Jump Shot,110,20000641,34.0523,167,-8,-118.1028,1,1,0,2000-01,34,16,1.0,2PT Field Goal,Right Side(R),Mid-Range,16-24 ft.,1610612747,Los Angeles Lakers,2001-01-30,LAL @ CLE,CLE,975,94,167.19150696132863
Layup Shot,Layup,417,20000641,34.0373,7,7,-118.2628,8,4,0,2000-01,36,0,1.0,2PT Field Goal,Center(C),Restricted Area,Less Than 8 ft.,1610612747,Los Angeles Lakers,2001-01-30,LAL @ CLE,CLE,989,516,9.899494936611664
Layup Shot,Layup,92,20000651,34.0443,0,0,-118.2698,1,1,0,2000-01,29,0,1.0,2PT Field Goal,Center(C),Restricted Area,Less Than 8 ft.,1610612747,Los Angeles Lakers,2001-01-31,LAL @ MIN,MIN,998,89,0.0
Layup Shot,Layup,247,20000739,34.0443,0,0,-118.2698,2,2,0,2000-01,14,0,1.0,2PT Field Goal,Center(C),Restricted Area,Less Than 8 ft.,1610612747,Los Angeles Lakers,2001-02-16,LAL @ CHH,CHA,1138,134,0.0
Jump Shot,Jump Shot,115,20000860,33.9193,79,125,-118.1908,1,1,0,2000-01,4,14,1.0,2PT Field Goal,Right Side(R),In The Paint (Non-RA),8-16 ft.,1610612747,Los Angeles Lakers,2001-03-04,LAL vs. GSW,GSW,1241,64,147.87156589419075
Turnaround Jump Shot,Jump Shot,358,20000896,33.9763,22,68,-118.2478,0,3,0,2000-01,27,7,1.0,2PT Field Goal,Center(C),In The Paint (Non-RA),Less Than 8 ft.,1610612747,Los Angeles Lakers,2001-03-09,LAL vs. SAS,SAS,1322,27,71.47027354082255
Dunk Shot,Dunk,527,20100143,34.0443,0,0,-118.2698,1,4,0,2001-02,5,0,1.0,2PT Field Goal,Center(C),Restricted Area,Less Than 8 ft.,1610612747,Los Angeles Lakers,2001-11-18,LAL vs. SAC,SAC,1680,65,0.0
Jump Shot,Jump Shot,25,20100161,34.0183,-48,26,-118.3178,7,1,0,2001-02,51,5,1.0,2PT Field Goal,Center(C),In The Paint (Non-RA),Less Than 8 ft.,1610612747,Los Angeles Lakers,2001-11-21,LAL @ DEN,DEN,1696,471,54.589376255824725
Driving Layup Shot,Layup,444,20100204,34.0443,0,0,-118.2698,3,4,0,2001-02,57,0,1.0,2PT Field Goal,Center(C),Restricted Area,Less Than 8 ft.,1610612747,Los Angeles Lakers,2001-11-27,LAL vs. MIL,MIL,1765,237,0.0
Jump Shot,Jump Shot,454,20100271,33.8633,169,181,-118.1008,0,4,0,2001-02,41,24,1.0,3PT Field Goal,Right Side Center(RC),Above the Break 3,24+ ft.,1610612747,Los Angeles Lakers,2001-12-07,LAL @ SAC,SAC,1843,41,247.6327926588076
Jump Shot,Jump Shot,20,20100399,33.9003,150,144,-118.1198,9,1,0,2001-02,50,20,1.0,2PT Field Goal,Right Side Center(RC),Mid-Range,16-24 ft.,1610612747,Los Angeles Lakers,2001-12-26,LAL @ GSW,GSW,1967,590,207.9326814139615
Driving Layup Shot,Layup,118,20100668,34.0443,0,0,-118.2698,0,1,0,2001-02,20,0,1.0,2PT Field Goal,Center(C),Restricted Area,Less Than 8 ft.,1610612747,Los Angeles Lakers,2002-02-03,LAL @ DAL,DAL,2414,20,0.0
Driving Layup Shot,Layup,183,20100691,34.0443,0,0,-118.2698,4,2,0,2001-02,6,0,1.0,2PT Field Goal,Center(C),Restricted Area,Less Than 8 ft.,1610612747,Los Angeles Lakers,2002-02-06,LAL vs. CHI,CHI,2435,246,0.0
Driving Layup Shot,Layup,331,20100691,34.0443,0,0,-118.2698,2,3,0,2001-02,38,0,1.0,2PT Field Goal,Center(C),Restricted Area,Less Than 8 ft.,1610612747,Los Angeles Lakers,2002-02-06,LAL vs. CHI,CHI,2446,158,0.0
Driving Layup Shot,Layup,447,20100720,34.0443,0,0,-118.2698,0,4,0,2001-02,27,0,1.0,2PT Field Goal,Center(C),Restricted Area,Less Than 8 ft.,1610612747,Los Angeles Lakers,2002-02-14,LAL @ SEA,SEA,2495,27,0.0
Driving Layup Shot,Layup,192,20100758,34.0443,0,0,-118.2698,3,2,0,2001-02,42,0,1.0,2PT Field Goal,Center(C),Restricted Area,Less Than 8 ft.,1610612747,Los Angeles Lakers,2002-02-19,LAL vs. BOS,BOS,2542,222,0.0
Layup Shot,Layup,45,20100778,34.0443,0,0,-118.2698,5,1,0,2001-02,33,0,1.0,2PT Field Goal,Center(C),Restricted Area,Less Than 8 ft.,1610612747,Los Angeles Lakers,2002-02-22,LAL @ CHH,CHA,2586,333,0.0
Layup Shot,Layup,182,20100803,34.0443,0,0,-118.2698,3,2,0,2001-02,43,0,1.0,2PT Field Goal,Center(C),Restricted Area,Less Than 8 ft.,1610612747,Los Angeles Lakers,2002-02-26,LAL @ MIL,MIL,2631,223,0.0
Driving Dunk Shot,Dunk,275,20100830,34.0443,0,0,-118.2698,9,3,0,2001-02,9,0,1.0,2PT Field Goal,Center(C),Restricted Area,Less Than 8 ft.,1610612747,Los Angeles Lakers,2002-03-01,LAL vs. IND,IND,2680,549,0.0
Jump Shot,Jump Shot,363,20100865,34.0503,161,-6,-118.1088,10,4,0,2001-02,10,16,1.0,2PT Field Goal,Right Side(R),Mid-Range,16-24 ft.,1610612747,Los Angeles Lakers,2002-03-06,LAL @ UTA,UTA,2704,610,161.11176245079062
Driving Layup Shot,Layup,103,20100934,34.0443,0,0,-118.2698,0,1,0,2001-02,11,0,1.0,2PT Field Goal,Center(C),Restricted Area,Less Than 8 ft.,1610612747,Los Angeles Lakers,2002-03-15,LAL vs. LAC,LAC,2757,11,0.0
Driving Layup Shot,Layup,46,20100986,34.0443,0,0,-118.2698,5,1,0,2001-02,54,0,1.0,2PT Field Goal,Center(C),Restricted Area,Less Than 8 ft.,1610612747,Los Angeles Lakers,2002-03-22,LAL vs. DET,DET,2828,354,0.0
Driving Layup Shot,Layup,487,20100986,34.0443,0,0,-118.2698,0,4,0,2001-02,24,0,1.0,2PT Field Goal,Center(C),Restricted Area,Less Than 8 ft.,1610612747,Los Angeles Lakers,2002-03-22,LAL vs. DET,DET,2842,24,0.0
Driving Layup Shot,Layup,47,20101069,34.0443,0,0,-118.2698,5,1,0,2001-02,15,0,1.0,2PT Field Goal,Center(C),Restricted Area,Less Than 8 ft.,1610612747,Los Angeles Lakers,2002-04-03,LAL @ NJN,NJN,2960,315,0.0
Dunk Shot,Dunk,215,20101069,34.0443,0,0,-118.2698,0,2,0,2001-02,58,0,1.0,2PT Field Goal,Center(C),Restricted Area,Less Than 8 ft.,1610612747,Los Angeles Lakers,2002-04-03,LAL @ NJN,NJN,2966,58,0.0
Running Jump Shot,Jump Shot,383,20101069,33.9833,20,61,-118.2498,5,4,0,2001-02,1,6,1.0,2PT Field Goal,Center(C),In The Paint (Non-RA),Less Than 8 ft.,1610612747,Los Angeles Lakers,2002-04-03,LAL @ NJN,NJN,2984,301,64.19501538281614
Jump Shot,Jump Shot,264,20101164,33.8963,123,148,-118.1468,6,3,0,2001-02,24,19,1.0,2PT Field Goal,Right Side Center(RC),Mid-Range,16-24 ft.,1610612747,Los Angeles Lakers,2002-04-15,LAL vs. SEA,SEA,3082,384,192.43960091415696
Driving Layup Shot,Layup,68,20200003,34.0443,0,0,-118.2698,4,1,0,2002-03,40,0,1.0,2PT Field Goal,Center(C),Restricted Area,Less Than 8 ft.,1610612747,Los Angeles Lakers,2002-10-29,LAL vs. SAS,SAS,3114,280,0.0
Reverse Layup Shot,Layup,6,20200029,34.0443,0,0,-118.2698,11,1,0,2002-03,10,0,1.0,2PT Field Goal,Center(C),Restricted Area,Less Than 8 ft.,1610612747,Los Angeles Lakers,2002-11-01,LAL @ LAC,LAC,3156,670,0.0
Driving Layup Shot,Layup,250,20200029,34.0443,0,0,-118.2698,11,3,0,2002-03,1,0,1.0,2PT Field Goal,Center(C),Restricted Area,Less Than 8 ft.,1610612747,Los Angeles Lakers,2002-11-01,LAL @ LAC,LAC,3162,661,0.0
Jump Shot,Jump Shot,463,20200029,33.8763,121,168,-118.1488,1,4,0,2002-03,41,20,1.0,2PT Field Goal,Right Side Center(RC),Mid-Range,16-24 ft.,1610612747,Los Angeles Lakers,2002-11-01,LAL @ LAC,LAC,3170,101,207.03864373589767
Driving Layup Shot,Layup,231,20200127,34.0443,0,0,-118.2698,1,2,0,2002-03,9,0,1.0,2PT Field Goal,Center(C),Restricted Area,Less Than 8 ft.,1610612747,Los Angeles Lakers,2002-11-15,LAL vs. GSW,GSW,3311,69,0.0
Jump Shot,Jump Shot,125,20200142,33.8803,115,164,-118.1548,10,2,0,2002-03,40,20,1.0,2PT Field Goal,Right Side Center(RC),Mid-Range,16-24 ft.,1610612747,Los Angeles Lakers,2002-11-17,LAL vs. HOU,HOU,3341,640,200.30227157973027
Jump Shot,Jump Shot,25,20200160,33.9373,133,107,-118.1368,9,1,0,2002-03,13,17,1.0,2PT Field Goal,Right Side Center(RC),Mid-Range,16-24 ft.,1610612747,Los Angeles Lakers,2002-11-20,LAL @ SAS,SAS,3393,553,170.6985647274165
Driving Layup Shot,Layup,420,20200160,34.0143,11,30,-118.2588,4,4,0,2002-03,20,3,1.0,2PT Field Goal,Center(C),Restricted Area,Less Than 8 ft.,1610612747,Los Angeles Lakers,2002-11-20,LAL @ SAS,SAS,3412,260,31.953090617340933
Driving Layup Shot,Layup,147,20200178,34.0443,0,0,-118.2698,10,2,0,2002-03,24,0,1.0,2PT Field Goal,Center(C),Restricted Area,Less Than 8 ft.,1610612747,Los Angeles Lakers,2002-11-22,LAL vs. CHI,CHI,3420,624,0.0
Driving Layup Shot,Layup,304,20200178,34.0443,0,0,-118.2698,8,3,0,2002-03,38,0,1.0,2PT Field Goal,Center(C),Restricted Area,Less Than 8 ft.,1610612747,Los Angeles Lakers,2002-11-22,LAL vs. CHI,CHI,3423,518,0.0
Alley Oop Layup shot,Layup,260,20200194,34.0443,0,0,-118.2698,11,3,0,2002-03,50,0,1.0,2PT Field Goal,Center(C),Restricted Area,Less Than 8 ft.,1610612747,Los Angeles Lakers,2002-11-24,LAL vs. MIL,MIL,3438,710,0.0
Running Tip Shot,Tip Shot,324,20200431,34.0443,0,0,-118.2698,0,3,0,2002-03,30,0,1.0,2PT Field Goal,Center(C),Restricted Area,Less Than 8 ft.,1610612747,Los Angeles Lakers,2002-12-29,LAL vs. TOR,TOR,3818,30,0.0
Driving Layup Shot,Layup,99,20200476,34.0443,0,0,-118.2698,0,1,0,2002-03,58,0,1.0,2PT Field Goal,Center(C),Restricted Area,Less Than 8 ft.,1610612747,Los Angeles Lakers,2003-01-05,LAL vs. PHX,PHX,3861,58,0.0
Driving Dunk Shot,Dunk,53,20200530,34.0443,0,0,-118.2698,4,1,0,2002-03,54,0,1.0,2PT Field Goal,Center(C),Restricted Area,Less Than 8 ft.,1610612747,Los Angeles Lakers,2003-01-12,LAL vs. MIA,MIA,3923,294,0.0
Layup Shot,Layup,440,20200546,34.0443,0,0,-118.2698,0,4,0,2002-03,43,0,1.0,2PT Field Goal,Center(C),Restricted Area,Less Than 8 ft.,1610612747,Los Angeles Lakers,2003-01-15,LAL @ NOH,NOH,3969,43,0.0
Driving Layup Shot,Layup,104,20200563,34.0443,0,0,-118.2698,0,1,0,2002-03,41,0,1.0,2PT Field Goal,Center(C),Restricted Area,Less Than 8 ft.,1610612747,Los Angeles Lakers,2003-01-17,LAL @ HOU,HOU,3974,41,0.0
Layup Shot,Layup,141,20200563,34.0443,0,0,-118.2698,8,2,0,2002-03,42,0,1.0,2PT Field Goal,Center(C),Restricted Area,Less Than 8 ft.,1610612747,Los Angeles Lakers,2003-01-17,LAL @ HOU,HOU,3976,522,0.0
Dunk Shot,Dunk,63,20200651,34.0443,0,0,-118.2698,3,1,0,2002-03,16,0,1.0,2PT Field Goal,Center(C),Restricted Area,Less Than 8 ft.,1610612747,Los Angeles Lakers,2003-01-29,LAL @ PHX,PHX,4045,196,0.0
Jump Shot,Jump Shot,2,20200727,34.0393,-171,5,-118.4408,11,1,0,2002-03,42,17,1.0,2PT Field Goal,Left Side(L),Mid-Range,16-24 ft.,1610612747,Los Angeles Lakers,2003-02-12,LAL @ DEN,DEN,4201,702,171.0730837975396
Jump Shot,Jump Shot,373,20200727,33.8813,-191,163,-118.4608,4,3,0,2002-03,43,25,1.0,3PT Field Goal,Left Side Center(LC),Above the Break 3,24+ ft.,1610612747,Los Angeles Lakers,2003-02-12,LAL @ DEN,DEN,4225,283,251.09759058979438
Layup Shot,Layup,426,20200743,34.0443,0,0,-118.2698,6,4,0,2002-03,27,0,1.0,2PT Field Goal,Center(C),Restricted Area,Less Than 8 ft.,1610612747,Los Angeles Lakers,2003-02-14,LAL vs. SAS,SAS,4263,387,0.0
Layup Shot,Layup,432,20200743,34.0443,0,0,-118.2698,5,4,0,2002-03,23,0,1.0,2PT Field Goal,Center(C),Restricted Area,Less Than 8 ft.,1610612747,Los Angeles Lakers,2003-02-14,LAL vs. SAS,SAS,4264,323,0.0
Jump Shot,Jump Shot,31,20200769,33.8913,-117,153,-118.3868,8,1,0,2002-03,14,19,1.0,2PT Field Goal,Left Side Center(LC),Mid-Range,16-24 ft.,1610612747,Los Angeles Lakers,2003-02-18,LAL vs. HOU,HOU,4304,494,192.60841103129428
Jump Shot,Jump Shot,151,20200769,33.9443,133,100,-118.1368,7,2,0,2002-03,53,16,1.0,2PT Field Goal,Right Side Center(RC),Mid-Range,16-24 ft.,1610612747,Los Angeles Lakers,2003-02-18,LAL vs. HOU,HOU,4314,473,166.4001201922643
Jump Shot,Jump Shot,410,20200769,33.8453,100,199,-118.1698,4,4,0,2002-03,29,22,1.0,2PT Field Goal,Right Side Center(RC),Mid-Range,16-24 ft.,1610612747,Los Angeles Lakers,2003-02-18,LAL vs. HOU,HOU,4325,269,222.71281956816048
Tip Shot,Tip Shot,344,20200820,34.0443,0,0,-118.2698,0,3,0,2002-03,0,0,1.0,2PT Field Goal,Center(C),Restricted Area,Less Than 8 ft.,1610612747,Los Angeles Lakers,2003-02-25,LAL vs. LAC,LAC,4452,0,0.0
Reverse Layup Shot,Layup,196,20200880,34.0443,0,0,-118.2698,3,2,0,2002-03,36,0,1.0,2PT Field Goal,Center(C),Restricted Area,Less Than 8 ft.,1610612747,Los Angeles Lakers,2003-03-05,LAL vs. IND,IND,4518,216,0.0
Driving Layup Shot,Layup,389,20200901,34.0443,0,0,-118.2698,1,3,0,2002-03,18,0,1.0,2PT Field Goal,Center(C),Restricted Area,Less Than 8 ft.,1610612747,Los Angeles Lakers,2003-03-09,LAL vs. PHI,PHI,4574,78,0.0
Jump Shot,Jump Shot,76,20200925,33.9503,-184,94,-118.4538,3,1,0,2002-03,26,20,1.0,2PT Field Goal,Left Side(L),Mid-Range,16-24 ft.,1610612747,Los Angeles Lakers,2003-03-12,LAL @ DET,DET,4610,206,206.6204249342257
Jump Shot,Jump Shot,91,20200938,33.9143,-153,130,-118.4228,2,1,0,2002-03,31,20,1.0,2PT Field Goal,Left Side Center(LC),Mid-Range,16-24 ft.,1610612747,Los Angeles Lakers,2003-03-14,LAL @ MIN,MIN,4636,151,200.7710138441304
Alley Oop Dunk Shot,Dunk,77,20200960,34.0443,0,0,-118.2698,0,1,0,2002-03,47,0,1.0,2PT Field Goal,Center(C),Restricted Area,Less Than 8 ft.,1610612747,Los Angeles Lakers,2003-03-17,LAL @ LAC,LAC,4668,47,0.0
Jump Shot,Jump Shot,314,20200960,33.8963,113,148,-118.1568,0,3,0,2002-03,38,18,1.0,2PT Field Goal,Right Side Center(RC),Mid-Range,16-24 ft.,1610612747,Los Angeles Lakers,2003-03-17,LAL @ LAC,LAC,4675,38,186.20687420178658
Driving Dunk Shot,Dunk,126,20201003,34.0263,10,18,-118.2598,10,2,0,2002-03,23,2,1.0,2PT Field Goal,Center(C),Restricted Area,Less Than 8 ft.,1610612747,Los Angeles Lakers,2003-03-23,LAL @ SAS,SAS,4730,623,20.591260281974
Jump Shot,Jump Shot,434,20201093,33.8653,-181,179,-118.4508,3,4,0,2002-03,45,25,1.0,3PT Field Goal,Left Side Center(LC),Above the Break 3,24+ ft.,1610612747,Los Angeles Lakers,2003-04-04,LAL @ MEM,MEM,4892,225,254.56236956785267
Driving Dunk Shot,Dunk,85,20201176,34.0443,0,0,-118.2698,4,1,0,2002-03,28,0,1.0,2PT Field Goal,Center(C),Restricted Area,Less Than 8 ft.,1610612747,Los Angeles Lakers,2003-04-15,LAL vs. DEN,DEN,4991,268,0.0
Slam Dunk Shot,Dunk,230,20300040,34.0443,0,0,-118.2698,9,3,0,2003-04,25,0,1.0,2PT Field Goal,Center(C),Restricted Area,Less Than 8 ft.,1610612747,Los Angeles Lakers,2003-11-02,LAL vs. GSW,GSW,5051,565,0.0
Jump Hook Shot,Jump Shot,37,20300050,34.0443,0,0,-118.2698,7,1,0,2003-04,11,0,1.0,2PT Field Goal,Center(C),Restricted Area,Less Than 8 ft.,1610612747,Los Angeles Lakers,2003-11-04,LAL @ MIL,MIL,5057,431,0.0
Layup Shot,Layup,31,20300111,34.0443,0,0,-118.2698,8,1,0,2003-04,57,0,1.0,2PT Field Goal,Center(C),Restricted Area,Less Than 8 ft.,1610612747,Los Angeles Lakers,2003-11-12,LAL vs. TOR,TOR,5137,537,0.0
Jump Shot,Jump Shot,388,20300111,33.9013,-113,143,-118.3828,11,4,0,2003-04,41,18,1.0,2PT Field Goal,Left Side Center(LC),Mid-Range,16-24 ft.,1610612747,Los Angeles Lakers,2003-11-12,LAL vs. TOR,TOR,5144,701,182.25805880673698
Driving Layup Shot,Layup,418,20300172,34.0443,0,0,-118.2698,8,4,0,2003-04,6,0,1.0,2PT Field Goal,Center(C),Restricted Area,Less Than 8 ft.,1610612747,Los Angeles Lakers,2003-11-21,LAL vs. CHI,CHI,5204,486,0.0
Dunk Shot,Dunk,28,20300208,34.0443,0,0,-118.2698,7,1,0,2003-04,46,0,1.0,2PT Field Goal,Center(C),Restricted Area,Less Than 8 ft.,1610612747,Los Angeles Lakers,2003-11-26,LAL vs. WAS,WAS,5232,466,0.0
Driving Layup Shot,Layup,167,20300385,34.0443,0,0,-118.2698,7,2,0,2003-04,32,0,1.0,2PT Field Goal,Center(C),Restricted Area,Less Than 8 ft.,1610612747,Los Angeles Lakers,2003-12-21,LAL vs. PHX,PHX,5393,452,0.0
Layup Shot,Layup,137,20300403,34.0443,0,0,-118.2698,8,2,0,2003-04,13,0,1.0,2PT Field Goal,Center(C),Restricted Area,Less Than 8 ft.,1610612747,Los Angeles Lakers,2003-12-25,LAL vs. HOU,HOU,5425,493,0.0
Jump Shot,Jump Shot,348,20300831,33.8193,128,225,-118.1418,1,3,0,2003-04,50,25,1.0,3PT Field Goal,Right Side Center(RC),Above the Break 3,24+ ft.,1610612747,Los Angeles Lakers,2004-02-25,LAL @ DEN,DEN,5718,110,258.8609665438187
Layup Shot,Layup,435,20300836,34.0443,0,0,-118.2698,2,4,0,2003-04,37,0,1.0,2PT Field Goal,Center(C),Restricted Area,Less Than 8 ft.,1610612747,Los Angeles Lakers,2004-02-26,LAL vs. SAC,SAC,5753,157,0.0
Tip Shot,Tip Shot,236,20300952,34.0443,0,0,-118.2698,2,2,0,2003-04,24,0,1.0,2PT Field Goal,Center(C),Restricted Area,Less Than 8 ft.,1610612747,Los Angeles Lakers,2004-03-13,LAL @ CHI,CHI,5846,144,0.0
Driving Layup Shot,Layup,262,20301012,34.0443,0,0,-118.2698,8,3,0,2003-04,16,0,1.0,2PT Field Goal,Center(C),Restricted Area,Less Than 8 ft.,1610612747,Los Angeles Lakers,2004-03-21,LAL vs. MIL,MIL,5934,496,0.0
Reverse Dunk Shot,Dunk,248,20301033,34.0443,0,0,-118.2698,11,3,0,2003-04,21,0,1.0,2PT Field Goal,Center(C),Restricted Area,Less Than 8 ft.,1610612747,Los Angeles Lakers,2004-03-24,LAL vs. SAC,SAC,5956,681,0.0
Driving Layup Shot,Layup,318,20301110,34.0443,0,0,-118.2698,3,3,0,2003-04,31,0,1.0,2PT Field Goal,Center(C),Restricted Area,Less Than 8 ft.,1610612747,Los Angeles Lakers,2004-04-04,LAL vs. SAS,SAS,6085,211,0.0
Driving Layup Shot,Layup,10,20301121,34.0443,0,0,-118.2698,10,1,0,2003-04,20,0,1.0,2PT Field Goal,Center(C),Restricted Area,Less Than 8 ft.,1610612747,Los Angeles Lakers,2004-04-06,LAL vs. POR,POR,6091,620,0.0
Layup Shot,Layup,280,20301121,34.0443,0,0,-118.2698,7,3,0,2003-04,13,0,1.0,2PT Field Goal,Center(C),Restricted Area,Less Than 8 ft.,1610612747,Los Angeles Lakers,2004-04-06,LAL vs. POR,POR,6108,433,0.0
Layup Shot,Layup,288,20301121,34.0443,0,0,-118.2698,6,3,0,2003-04,0,0,1.0,2PT Field Goal,Center(C),Restricted Area,Less Than 8 ft.,1610612747,Los Angeles Lakers,2004-04-06,LAL vs. POR,POR,6109,360,0.0
Driving Layup Shot,Layup,322,20301157,34.0443,0,0,-118.2698,0,3,0,2003-04,44,0,1.0,2PT Field Goal,Center(C),Restricted Area,Less Than 8 ft.,1610612747,Los Angeles Lakers,2004-04-11,LAL @ SAC,SAC,6142,44,0.0
Dunk Shot,Dunk,177,20301187,34.0443,0,0,-118.2698,4,2,0,2003-04,34,0,1.0,2PT Field Goal,Center(C),Restricted Area,Less Than 8 ft.,1610612747,Los Angeles Lakers,2004-04-14,LAL @ POR,POR,6186,274,0.0
Jump Shot,Jump Shot,247,20400014,33.8933,112,151,-118.1578,11,3,0,2004-05,18,18,1.0,2PT Field Goal,Right Side Center(RC),Mid-Range,16-24 ft.,1610612747,Los Angeles Lakers,2004-11-03,LAL @ UTH,UTA,6231,678,188.00265955565632
Jump Shot,Jump Shot,136,20400073,33.8473,103,197,-118.1668,8,2,0,2004-05,56,22,1.0,2PT Field Goal,Right Side Center(RC),Mid-Range,16-24 ft.,1610612747,Los Angeles Lakers,2004-11-12,LAL @ ORL,ORL,6324,536,222.30159693533471
Driving Dunk Shot,Dunk,76,20400158,34.0443,0,0,-118.2698,3,1,0,2004-05,58,0,1.0,2PT Field Goal,Center(C),Restricted Area,Less Than 8 ft.,1610612747,Los Angeles Lakers,2004-11-23,LAL vs. MIL,MIL,6440,238,0.0
Driving Layup Shot,Layup,378,20400181,34.0443,0,0,-118.2698,11,4,0,2004-05,21,0,1.0,2PT Field Goal,Center(C),Restricted Area,Less Than 8 ft.,1610612747,Los Angeles Lakers,2004-11-26,LAL vs. SAC,SAC,6474,681,0.0
Jump Shot,Jump Shot,248,20400205,33.7813,-85,263,-118.3548,8,3,0,2004-05,59,27,1.0,3PT Field Goal,Center(C),Above the Break 3,24+ ft.,1610612747,Los Angeles Lakers,2004-11-30,LAL @ MIL,MIL,6507,539,276.3946453895227
Driving Layup Shot,Layup,192,20400301,34.0443,0,0,-118.2698,0,2,0,2004-05,59,0,1.0,2PT Field Goal,Center(C),Restricted Area,Less Than 8 ft.,1610612747,Los Angeles Lakers,2004-12-12,LAL vs. ORL,ORL,6609,59,0.0
Driving Layup Shot,Layup,318,20400315,34.0443,0,0,-118.2698,4,3,0,2004-05,44,0,1.0,2PT Field Goal,Center(C),Restricted Area,Less Than 8 ft.,1610612747,Los Angeles Lakers,2004-12-14,LAL @ SEA,SEA,6639,284,0.0
Driving Dunk Shot,Dunk,73,20400328,34.0443,0,0,-118.2698,2,1,0,2004-05,19,0,1.0,2PT Field Goal,Center(C),Restricted Area,Less Than 8 ft.,1610612747,Los Angeles Lakers,2004-12-16,LAL @ SAC,SAC,6648,139,0.0
Layup Shot,Layup,263,20400439,34.0443,0,0,-118.2698,11,3,0,2004-05,33,0,1.0,2PT Field Goal,Center(C),Restricted Area,Less Than 8 ft.,1610612747,Los Angeles Lakers,2005-01-02,LAL vs. DEN,DEN,6795,693,0.0
Jump Shot,Jump Shot,86,20400452,33.9443,-69,100,-118.3388,0,1,0,2004-05,9,12,1.0,2PT Field Goal,Left Side(L),In The Paint (Non-RA),8-16 ft.,1610612747,Los Angeles Lakers,2005-01-04,LAL @ SAS,SAS,6818,9,121.49485585818027
Jump Shot,Jump Shot,162,20400452,33.8293,-117,215,-118.3868,4,2,0,2004-05,58,24,1.0,3PT Field Goal,Left Side Center(LC),Above the Break 3,24+ ft.,1610612747,Los Angeles Lakers,2005-01-04,LAL @ SAS,SAS,6823,298,244.77336456403918
Driving Layup Shot,Layup,188,20400477,34.0443,0,0,-118.2698,3,2,0,2004-05,42,0,1.0,2PT Field Goal,Center(C),Restricted Area,Less Than 8 ft.,1610612747,Los Angeles Lakers,2005-01-07,LAL vs. HOU,HOU,6868,222,0.0
Driving Layup Shot,Layup,88,20400746,34.0473,-16,-3,-118.2858,2,1,0,2004-05,19,1,1.0,2PT Field Goal,Center(C),Restricted Area,Less Than 8 ft.,1610612747,Los Angeles Lakers,2005-02-13,LAL @ CLE,CLE,6918,139,16.278820596099706
Tip Shot,Tip Shot,439,20400767,34.0443,0,0,-118.2698,3,4,0,2004-05,0,0,1.0,2PT Field Goal,Center(C),Restricted Area,Less Than 8 ft.,1610612747,Los Angeles Lakers,2005-02-15,LAL vs. UTA,UTA,6952,180,0.0
Driving Layup Shot,Layup,270,20400895,34.0443,0,0,-118.2698,4,3,0,2004-05,49,0,1.0,2PT Field Goal,Center(C),Restricted Area,Less Than 8 ft.,1610612747,Los Angeles Lakers,2005-03-08,LAL vs. LAC,LAC,7125,289,0.0
Jump Shot,Jump Shot,248,20400984,33.8713,-197,173,-118.4668,7,3,0,2004-05,59,26,1.0,3PT Field Goal,Left Side Center(LC),Above the Break 3,24+ ft.,1610612747,Los Angeles Lakers,2005-03-20,LAL vs. SEA,SEA,7264,479,262.17932794177347
Jump Shot,Jump Shot,205,20401196,34.0343,182,10,-118.0878,5,2,0,2004-05,11,18,1.0,2PT Field Goal,Right Side(R),Mid-Range,16-24 ft.,1610612747,Los Angeles Lakers,2005-04-17,LAL vs. DAL,DAL,7474,311,182.2745182410312
Reverse Layup Shot,Layup,35,20500016,34.0443,0,0,-118.2698,7,1,0,2005-06,2,0,1.0,2PT Field Goal,Center(C),Restricted Area,Less Than 8 ft.,1610612747,Los Angeles Lakers,2005-11-02,LAL @ DEN,DEN,7538,422,0.0
Driving Layup Shot,Layup,190,20500016,34.0443,0,0,-118.2698,6,2,0,2005-06,24,0,1.0,2PT Field Goal,Center(C),Restricted Area,Less Than 8 ft.,1610612747,Los Angeles Lakers,2005-11-02,LAL @ DEN,DEN,7544,384,0.0
Layup Shot,Layup,228,20500077,34.0443,0,0,-118.2698,0,2,0,2005-06,47,0,1.0,2PT Field Goal,Center(C),Restricted Area,Less Than 8 ft.,1610612747,Los Angeles Lakers,2005-11-11,LAL @ PHI,PHI,7683,47,0.0
Driving Layup Shot,Layup,503,20500218,34.0443,0,0,-118.2698,0,4,0,2005-06,11,0,1.0,2PT Field Goal,Center(C),Restricted Area,Less Than 8 ft.,1610612747,Los Angeles Lakers,2005-12-01,LAL @ UTA,UTA,7942,11,0.0
Jump Shot,Jump Shot,21,20500244,34.0493,156,-5,-118.1138,9,1,0,2005-06,42,15,1.0,2PT Field Goal,Right Side(R),Mid-Range,8-16 ft.,1610612747,Los Angeles Lakers,2005-12-04,LAL vs. CHA,CHA,7963,582,156.08010763707202
Layup Shot,Layup,183,20500244,34.0443,0,0,-118.2698,5,2,0,2005-06,54,0,1.0,2PT Field Goal,Center(C),Restricted Area,Less Than 8 ft.,1610612747,Los Angeles Lakers,2005-12-04,LAL vs. CHA,CHA,7970,354,0.0
Layup Shot,Layup,299,20500244,34.0443,0,0,-118.2698,5,3,0,2005-06,28,0,1.0,2PT Field Goal,Center(C),Restricted Area,Less Than 8 ft.,1610612747,Los Angeles Lakers,2005-12-04,LAL vs. CHA,CHA,7977,328,0.0
Jump Shot,Jump Shot,203,20500359,33.8043,-97,240,-118.3668,3,2,0,2005-06,45,25,1.0,3PT Field Goal,Left Side Center(LC),Above the Break 3,24+ ft.,1610612747,Los Angeles Lakers,2005-12-20,LAL vs. DAL,DAL,8171,225,258.8609665438187
Driving Layup Shot,Layup,517,20500412,34.0443,0,0,-118.2698,0,5,0,2005-06,24,0,1.0,2PT Field Goal,Center(C),Restricted Area,Less Than 8 ft.,1610612747,Los Angeles Lakers,2005-12-28,LAL vs. MEM,MEM,8296,24,0.0
Driving Dunk Shot,Dunk,28,20500507,34.0443,0,0,-118.2698,9,1,0,2005-06,12,0,1.0,2PT Field Goal,Center(C),Restricted Area,Less Than 8 ft.,1610612747,Los Angeles Lakers,2006-01-11,LAL @ POR,POR,8402,552,0.0
Reverse Layup Shot,Layup,59,20500512,34.0443,0,0,-118.2698,4,1,0,2005-06,28,0,1.0,2PT Field Goal,Center(C),Restricted Area,Less Than 8 ft.,1610612747,Los Angeles Lakers,2006-01-12,LAL vs. CLE,CLE,8433,268,0.0
Jump Shot,Jump Shot,108,20500563,33.9683,156,76,-118.1138,0,1,0,2005-06,45,17,1.0,2PT Field Goal,Right Side(R),Mid-Range,16-24 ft.,1610612747,Los Angeles Lakers,2006-01-19,LAL @ SAC,SAC,8510,45,173.5280957078709
Driving Finger Roll Shot,Layup,61,20500631,34.0443,0,0,-118.2698,4,1,0,2005-06,46,0,1.0,2PT Field Goal,Center(C),Restricted Area,Less Than 8 ft.,1610612747,Los Angeles Lakers,2006-01-27,LAL vs. GSW,GSW,8618,286,0.0
Driving Layup Shot,Layup,215,20500658,34.0443,0,0,-118.2698,3,2,0,2005-06,4,0,1.0,2PT Field Goal,Center(C),Restricted Area,Less Than 8 ft.,1610612747,Los Angeles Lakers,2006-01-31,LAL @ NYK,NYK,8678,184,0.0
Driving Layup Shot,Layup,45,20500664,34.0223,0,22,-118.2698,6,1,0,2005-06,39,2,1.0,2PT Field Goal,Center(C),Restricted Area,Less Than 8 ft.,1610612747,Los Angeles Lakers,2006-02-01,LAL @ IND,IND,8689,399,22.0
Layup Shot,Layup,324,20500720,34.0443,0,0,-118.2698,9,4,0,2005-06,30,0,1.0,2PT Field Goal,Center(C),Restricted Area,Less Than 8 ft.,1610612747,Los Angeles Lakers,2006-02-08,LAL @ HOU,HOU,8794,570,0.0
Jump Shot,Jump Shot,217,20500756,33.7843,13,260,-118.2568,3,2,0,2005-06,32,26,1.0,3PT Field Goal,Center(C),Above the Break 3,24+ ft.,1610612747,Los Angeles Lakers,2006-02-13,LAL vs. UTA,UTA,8837,212,260.32479712851017
Driving Layup Shot,Layup,417,20500790,34.0443,0,0,-118.2698,6,4,0,2005-06,40,0,1.0,2PT Field Goal,Center(C),Restricted Area,Less Than 8 ft.,1610612747,Los Angeles Lakers,2006-02-21,LAL vs. POR,POR,8891,400,0.0
Jump Shot,Jump Shot,155,20500852,33.9353,146,109,-118.1238,6,2,0,2005-06,59,18,1.0,2PT Field Goal,Right Side Center(RC),Mid-Range,16-24 ft.,1610612747,Los Angeles Lakers,2006-03-01,LAL @ POR,POR,9000,419,182.20043907740725
Jump Shot,Jump Shot,433,20500888,33.9063,-200,138,-118.4698,0,4,0,2005-06,10,24,1.0,3PT Field Goal,Left Side Center(LC),Above the Break 3,24+ ft.,1610612747,Los Angeles Lakers,2006-03-06,LAL vs. SAS,SAS,9109,10,242.98971171636055
Running Jump Shot,Jump Shot,94,20500916,34.0133,44,31,-118.2258,0,1,0,2005-06,2,5,1.0,2PT Field Goal,Center(C),In The Paint (Non-RA),Less Than 8 ft.,1610612747,Los Angeles Lakers,2006-03-10,LAL @ SAS,SAS,9147,2,53.82378656319155
Driving Dunk Shot,Dunk,211,20500959,34.0443,0,0,-118.2698,9,3,0,2005-06,53,0,1.0,2PT Field Goal,Center(C),Restricted Area,Less Than 8 ft.,1610612747,Los Angeles Lakers,2006-03-15,LAL vs. MIN,MIN,9240,593,0.0
Layup Shot,Layup,228,20500988,34.0393,20,5,-118.2498,1,2,0,2005-06,11,2,1.0,2PT Field Goal,Center(C),Restricted Area,Less Than 8 ft.,1610612747,Los Angeles Lakers,2006-03-20,LAL @ BOS,BOS,9329,71,20.615528128088304
Layup Shot,Layup,425,20501010,34.0443,0,0,-118.2698,4,4,0,2005-06,12,0,1.0,2PT Field Goal,Center(C),Restricted Area,Less Than 8 ft.,1610612747,Los Angeles Lakers,2006-03-22,LAL vs. SAC,SAC,9364,252,0.0
Jump Shot,Jump Shot,216,20501042,33.9113,135,133,-118.1348,0,2,0,2005-06,47,18,1.0,2PT Field Goal,Right Side Center(RC),Mid-Range,16-24 ft.,1610612747,Los Angeles Lakers,2006-03-26,LAL vs. NOK,NOP,9406,47,189.50989420080413
Driving Layup Shot,Layup,53,20501066,34.0443,0,0,-118.2698,5,1,0,2005-06,46,0,1.0,2PT Field Goal,Center(C),Restricted Area,Less Than 8 ft.,1610612747,Los Angeles Lakers,2006-03-30,LAL vs. SAS,SAS,9417,346,0.0
Driving Layup Shot,Layup,108,20501066,34.0443,0,0,-118.2698,11,2,0,2005-06,6,0,1.0,2PT Field Goal,Center(C),Restricted Area,Less Than 8 ft.,1610612747,Los Angeles Lakers,2006-03-30,LAL vs. SAS,SAS,9423,666,0.0
Driving Layup Shot,Layup,205,20501066,34.0443,0,0,-118.2698,0,2,0,2005-06,49,0,1.0,2PT Field Goal,Center(C),Restricted Area,Less Than 8 ft.,1610612747,Los Angeles Lakers,2006-03-30,LAL vs. SAS,SAS,9429,49,0.0
Driving Layup Shot,Layup,87,20501089,34.0443,0,0,-118.2698,0,1,0,2005-06,6,0,1.0,2PT Field Goal,Center(C),Restricted Area,Less Than 8 ft.,1610612747,Los Angeles Lakers,2006-04-02,LAL vs. HOU,HOU,9487,6,0.0
Jump Shot,Jump Shot,239,20501196,33.8323,141,212,-118.1288,2,2,0,2005-06,58,25,1.0,3PT Field Goal,Right Side Center(RC),Above the Break 3,24+ ft.,1610612747,Los Angeles Lakers,2006-04-16,LAL vs. PHX,PHX,9668,178,254.60754112948032
Jump Shot,Jump Shot,421,20501196,33.9453,-138,99,-118.4078,8,4,0,2005-06,10,16,1.0,2PT Field Goal,Left Side(L),Mid-Range,16-24 ft.,1610612747,Los Angeles Lakers,2006-04-16,LAL vs. PHX,PHX,9679,490,169.8381582566179
Jump Shot,Jump Shot,409,20600157,33.9143,102,130,-118.1678,0,3,0,2006-07,0,16,1.0,2PT Field Goal,Right Side Center(RC),Mid-Range,16-24 ft.,1610612747,Los Angeles Lakers,2006-11-21,LAL vs. LAC,LAC,9836,0,165.23922052587878
Dunk Shot,Dunk,31,20600223,34.0443,0,0,-118.2698,7,1,0,2006-07,18,0,1.0,2PT Field Goal,Center(C),Restricted Area,Less Than 8 ft.,1610612747,Los Angeles Lakers,2006-11-30,LAL vs. UTA,UTA,9909,438,0.0
Driving Layup Shot,Layup,227,20600223,34.0443,0,0,-118.2698,1,2,0,2006-07,42,0,1.0,2PT Field Goal,Center(C),Restricted Area,Less Than 8 ft.,1610612747,Los Angeles Lakers,2006-11-30,LAL vs. UTA,UTA,9920,102,0.0
Jump Shot,Jump Shot,165,20600270,33.9113,213,133,-118.0568,6,2,0,2006-07,39,25,1.0,3PT Field Goal,Right Side Center(RC),Above the Break 3,24+ ft.,1610612747,Los Angeles Lakers,2006-12-06,LAL vs. NOK,NOP,9978,399,251.11352014577002
Driving Layup Shot,Layup,93,20600311,34.0443,0,0,-118.2698,0,1,0,2006-07,45,0,1.0,2PT Field Goal,Center(C),Restricted Area,Less Than 8 ft.,1610612747,Los Angeles Lakers,2006-12-12,LAL @ HOU,HOU,10022,45,0.0
Driving Layup Shot,Layup,479,20600355,34.0443,0,0,-118.2698,2,4,0,2006-07,16,0,1.0,2PT Field Goal,Center(C),Restricted Area,Less Than 8 ft.,1610612747,Los Angeles Lakers,2006-12-17,LAL vs. WAS,WAS,10113,136,0.0
Layup Shot,Layup,2,20600418,34.0443,0,0,-118.2698,11,1,0,2006-07,44,0,1.0,2PT Field Goal,Center(C),Restricted Area,Less Than 8 ft.,1610612747,Los Angeles Lakers,2006-12-27,LAL @ ORL,ORL,10186,704,0.0
Layup Shot,Layup,164,20600431,34.0443,0,0,-118.2698,7,2,0,2006-07,29,0,1.0,2PT Field Goal,Center(C),Restricted Area,Less Than 8 ft.,1610612747,Los Angeles Lakers,2006-12-29,LAL @ CHA,CHA,10220,449,0.0
Layup Shot,Layup,304,20600431,34.0443,0,0,-118.2698,6,3,0,2006-07,45,0,1.0,2PT Field Goal,Center(C),Restricted Area,Less Than 8 ft.,1610612747,Los Angeles Lakers,2006-12-29,LAL @ CHA,CHA,10230,405,0.0
Reverse Layup Shot,Layup,520,20600431,34.0443,0,0,-118.2698,0,5,0,2006-07,43,0,1.0,2PT Field Goal,Center(C),Restricted Area,Less Than 8 ft.,1610612747,Los Angeles Lakers,2006-12-29,LAL @ CHA,CHA,10246,43,0.0
Driving Layup Shot,Layup,25,20600456,34.0443,0,0,-118.2698,8,1,0,2006-07,56,0,1.0,2PT Field Goal,Center(C),Restricted Area,Less Than 8 ft.,1610612747,Los Angeles Lakers,2006-12-31,LAL vs. PHI,PHI,10254,536,0.0
Driving Layup Shot,Layup,225,20600456,34.0443,0,0,-118.2698,1,2,0,2006-07,3,0,1.0,2PT Field Goal,Center(C),Restricted Area,Less Than 8 ft.,1610612747,Los Angeles Lakers,2006-12-31,LAL vs. PHI,PHI,10261,63,0.0
Jump Shot,Jump Shot,267,20600489,33.8913,90,153,-118.1798,11,3,0,2006-07,10,17,1.0,2PT Field Goal,Right Side Center(RC),Mid-Range,16-24 ft.,1610612747,Los Angeles Lakers,2007-01-05,LAL vs. DEN,DEN,10298,670,177.50774630984418
Layup Shot,Layup,204,20600614,34.0443,0,0,-118.2698,3,2,0,2006-07,47,0,1.0,2PT Field Goal,Center(C),Restricted Area,Less Than 8 ft.,1610612747,Los Angeles Lakers,2007-01-22,LAL vs. GSW,GSW,10462,227,0.0
Jump Shot,Jump Shot,349,20600657,33.8753,-107,169,-118.3768,1,3,0,2006-07,38,20,1.0,2PT Field Goal,Left Side Center(LC),Mid-Range,16-24 ft.,1610612747,Los Angeles Lakers,2007-01-28,LAL vs. SAS,SAS,10516,98,200.02499843769527
Driving Layup Shot,Layup,98,20600738,34.0443,0,0,-118.2698,1,1,0,2006-07,41,0,1.0,2PT Field Goal,Center(C),Restricted Area,Less Than 8 ft.,1610612747,Los Angeles Lakers,2007-02-09,LAL @ TOR,TOR,10641,101,0.0
Driving Layup Shot,Layup,276,20600994,34.0443,0,0,-118.2698,6,3,0,2006-07,54,0,1.0,2PT Field Goal,Center(C),Restricted Area,Less Than 8 ft.,1610612747,Los Angeles Lakers,2007-03-18,LAL vs. MIN,MIN,11018,414,0.0
Reverse Dunk Shot,Dunk,30,20601016,34.0443,0,0,-118.2698,7,1,0,2006-07,53,0,1.0,2PT Field Goal,Center(C),Restricted Area,Less Than 8 ft.,1610612747,Los Angeles Lakers,2007-03-22,LAL @ MEM,MEM,11034,473,0.0
Jump Shot,Jump Shot,331,20601016,33.8503,-92,194,-118.3618,2,3,0,2006-07,22,21,1.0,2PT Field Goal,Left Side Center(LC),Mid-Range,16-24 ft.,1610612747,Los Angeles Lakers,2007-03-22,LAL @ MEM,MEM,11056,142,214.7091055358389
Jump Shot,Jump Shot,160,20601118,33.9123,0,132,-118.2698,6,2,0,2006-07,44,13,1.0,2PT Field Goal,Center(C),In The Paint (Non-RA),8-16 ft.,1610612747,Los Angeles Lakers,2007-04-04,LAL @ LAC,LAC,11256,404,132.0
Jump Shot,Jump Shot,321,20601133,33.9113,158,133,-118.1118,8,3,0,2006-07,23,20,1.0,2PT Field Goal,Right Side Center(RC),Mid-Range,16-24 ft.,1610612747,Los Angeles Lakers,2007-04-06,LAL @ SEA,SEA,11293,503,206.52602741543254
Dunk Shot,Dunk,283,20601154,34.0443,0,0,-118.2698,10,3,0,2006-07,18,0,1.0,2PT Field Goal,Center(C),Restricted Area,Less Than 8 ft.,1610612747,Los Angeles Lakers,2007-04-09,LAL @ DEN,DEN,11343,618,0.0
Driving Layup Shot,Layup,184,20601174,34.0443,0,0,-118.2698,5,2,0,2006-07,39,0,1.0,2PT Field Goal,Center(C),Restricted Area,Less Than 8 ft.,1610612747,Los Angeles Lakers,2007-04-12,LAL vs. LAC,LAC,11371,339,0.0
Layup Shot,Layup,446,20700129,34.0443,0,0,-118.2698,4,4,0,2007-08,27,0,1.0,2PT Field Goal,Center(C),Restricted Area,Less Than 8 ft.,1610612747,Los Angeles Lakers,2007-11-16,LAL vs. DET,DET,11626,267,0.0
Driving Layup Shot,Layup,130,20700249,34.0443,0,0,-118.2698,0,1,0,2007-08,3,0,1.0,2PT Field Goal,Center(C),Restricted Area,Less Than 8 ft.,1610612747,Los Angeles Lakers,2007-12-02,LAL vs. ORL,ORL,11790,3,0.0
Driving Layup Shot,Layup,498,20700270,34.0443,0,0,-118.2698,1,4,0,2007-08,42,0,1.0,2PT Field Goal,Center(C),Restricted Area,Less Than 8 ft.,1610612747,Los Angeles Lakers,2007-12-05,LAL @ DEN,DEN,11834,102,0.0
Reverse Layup Shot,Layup,73,20700326,34.0443,0,0,-118.2698,3,1,0,2007-08,37,0,1.0,2PT Field Goal,Center(C),Restricted Area,Less Than 8 ft.,1610612747,Los Angeles Lakers,2007-12-13,LAL vs. SAS,SAS,11864,217,0.0
Layup Shot,Layup,53,20700338,34.0273,0,17,-118.2698,5,1,0,2007-08,25,1,1.0,2PT Field Goal,Center(C),Restricted Area,Less Than 8 ft.,1610612747,Los Angeles Lakers,2007-12-14,LAL @ GSW,GSW,11886,325,17.0
Jump Shot,Jump Shot,71,20700353,33.8353,-156,209,-118.4258,4,1,0,2007-08,27,26,1.0,3PT Field Goal,Left Side Center(LC),Above the Break 3,24+ ft.,1610612747,Los Angeles Lakers,2007-12-16,LAL vs. LAC,LAC,11912,267,260.80069018313577
Layup Shot,Layup,118,20700504,34.0443,0,0,-118.2698,11,2,0,2007-08,47,0,1.0,2PT Field Goal,Center(C),Restricted Area,Less Than 8 ft.,1610612747,Los Angeles Lakers,2008-01-08,LAL @ MEM,MEM,12118,707,0.0
Layup Shot,Layup,52,20700515,34.0443,0,0,-118.2698,4,1,0,2007-08,49,0,1.0,2PT Field Goal,Center(C),Restricted Area,Less Than 8 ft.,1610612747,Los Angeles Lakers,2008-01-09,LAL @ NOH,NOH,12137,289,0.0
Driving Layup Shot,Layup,267,20700515,34.0443,0,0,-118.2698,6,3,0,2007-08,42,0,1.0,2PT Field Goal,Center(C),Restricted Area,Less Than 8 ft.,1610612747,Los Angeles Lakers,2008-01-09,LAL @ NOH,NOH,12144,402,0.0
Driving Layup Shot,Layup,322,20700618,34.0453,8,-1,-118.2618,0,3,0,2007-08,29,0,1.0,2PT Field Goal,Center(C),Restricted Area,Less Than 8 ft.,1610612747,Los Angeles Lakers,2008-01-23,LAL @ SAS,SAS,12292,29,8.06225774829855
Jump Shot,Jump Shot,182,20700633,34.0413,235,3,-118.0348,6,2,0,2007-08,25,23,1.0,3PT Field Goal,Right Side(R),Right Corner 3,24+ ft.,1610612747,Los Angeles Lakers,2008-01-25,LAL @ DAL,DAL,12304,385,235.01914815605983
Driving Layup Shot,Layup,509,20700633,34.0443,0,0,-118.2698,0,4,0,2007-08,21,0,1.0,2PT Field Goal,Center(C),Restricted Area,Less Than 8 ft.,1610612747,Los Angeles Lakers,2008-01-25,LAL @ DAL,DAL,12317,21,0.0
Driving Reverse Layup Shot,Layup,85,20700643,34.0443,0,0,-118.2698,2,1,0,2007-08,58,0,1.0,2PT Field Goal,Center(C),Restricted Area,Less Than 8 ft.,1610612747,Los Angeles Lakers,2008-01-27,LAL vs. CLE,CLE,12320,178,0.0
Jump Shot,Jump Shot,322,20700643,33.8633,54,181,-118.2158,3,3,0,2007-08,51,18,1.0,2PT Field Goal,Center(C),Mid-Range,16-24 ft.,1610612747,Los Angeles Lakers,2008-01-27,LAL vs. CLE,CLE,12328,231,188.8835620163915
Jump Shot,Jump Shot,250,20700710,33.8753,-80,169,-118.3498,10,3,0,2007-08,53,18,1.0,2PT Field Goal,Left Side Center(LC),Mid-Range,16-24 ft.,1610612747,Los Angeles Lakers,2008-02-05,LAL @ NJN,NJN,12433,653,186.97860840213772
Layup Shot,Layup,296,20700728,34.0443,0,0,-118.2698,5,3,0,2007-08,22,0,1.0,2PT Field Goal,Center(C),Restricted Area,Less Than 8 ft.,1610612747,Los Angeles Lakers,2008-02-08,LAL @ ORL,ORL,12475,322,0.0
Layup Shot,Layup,120,20700745,34.0443,0,0,-118.2698,10,2,0,2007-08,32,0,1.0,2PT Field Goal,Center(C),Restricted Area,Less Than 8 ft.,1610612747,Los Angeles Lakers,2008-02-10,LAL @ MIA,MIA,12486,632,0.0
Turnaround Jump Shot,Jump Shot,138,20700745,33.8843,-126,160,-118.3958,8,2,0,2007-08,15,20,1.0,2PT Field Goal,Left Side Center(LC),Mid-Range,16-24 ft.,1610612747,Los Angeles Lakers,2008-02-10,LAL @ MIA,MIA,12487,495,203.65657367244486
Driving Reverse Layup Shot,Layup,122,20700868,34.0443,0,0,-118.2698,10,2,0,2007-08,30,0,1.0,2PT Field Goal,Center(C),Restricted Area,Less Than 8 ft.,1610612747,Los Angeles Lakers,2008-02-29,LAL @ POR,POR,12643,630,0.0
Driving Layup Shot,Layup,273,20700876,34.0443,0,0,-118.2698,9,3,0,2007-08,28,0,1.0,2PT Field Goal,Center(C),Restricted Area,Less Than 8 ft.,1610612747,Los Angeles Lakers,2008-03-02,LAL vs. DAL,DAL,12673,568,0.0
Driving Layup Shot,Layup,473,20700895,34.0443,0,0,-118.2698,3,4,0,2007-08,37,0,1.0,2PT Field Goal,Center(C),Restricted Area,Less Than 8 ft.,1610612747,Los Angeles Lakers,2008-03-04,LAL @ SAC,SAC,12711,217,0.0
Layup Shot,Layup,296,20700951,34.0443,0,0,-118.2698,2,3,0,2007-08,30,0,1.0,2PT Field Goal,Center(C),Restricted Area,Less Than 8 ft.,1610612747,Los Angeles Lakers,2008-03-11,LAL vs. TOR,TOR,12753,150,0.0
Jump Shot,Jump Shot,406,20700951,33.8193,-149,225,-118.4188,2,4,0,2007-08,42,26,1.0,3PT Field Goal,Left Side Center(LC),Above the Break 3,24+ ft.,1610612747,Los Angeles Lakers,2008-03-11,LAL vs. TOR,TOR,12760,162,269.8629281690985
Dunk Shot,Dunk,476,20700970,34.0443,0,0,-118.2698,1,4,0,2007-08,21,0,1.0,2PT Field Goal,Center(C),Restricted Area,Less Than 8 ft.,1610612747,Los Angeles Lakers,2008-03-14,LAL @ NOH,NOH,12783,81,0.0
Driving Layup Shot,Layup,170,20701027,34.0443,0,0,-118.2698,4,2,0,2007-08,49,0,1.0,2PT Field Goal,Center(C),Restricted Area,Less Than 8 ft.,1610612747,Los Angeles Lakers,2008-03-21,LAL vs. SEA,SEA,12867,289,0.0
Jump Shot,Jump Shot,268,20701069,33.8803,-113,164,-118.3828,7,3,0,2007-08,22,19,1.0,2PT Field Goal,Left Side Center(LC),Mid-Range,16-24 ft.,1610612747,Los Angeles Lakers,2008-03-26,LAL vs. CHA,CHA,12955,442,199.16073910286642
Driving Layup Shot,Layup,136,20701175,34.0443,0,0,-118.2698,8,2,0,2007-08,52,0,1.0,2PT Field Goal,Center(C),Restricted Area,Less Than 8 ft.,1610612747,Los Angeles Lakers,2008-04-10,LAL @ LAC,LAC,13097,532,0.0
Jump Shot,Jump Shot,202,20701187,33.8783,195,166,-118.0748,3,2,0,2007-08,30,25,1.0,3PT Field Goal,Right Side Center(RC),Above the Break 3,24+ ft.,1610612747,Los Angeles Lakers,2008-04-11,LAL vs. NOH,NOH,13118,210,256.087875542752
Layup Shot,Layup,224,20701216,34.0443,0,0,-118.2698,4,2,0,2007-08,54,0,1.0,2PT Field Goal,Center(C),Restricted Area,Less Than 8 ft.,1610612747,Los Angeles Lakers,2008-04-15,LAL vs. SAC,SAC,13146,294,0.0
Layup Shot,Layup,259,20701216,34.0443,0,0,-118.2698,0,2,0,2007-08,35,0,1.0,2PT Field Goal,Center(C),Restricted Area,Less Than 8 ft.,1610612747,Los Angeles Lakers,2008-04-15,LAL vs. SAC,SAC,13149,35,0.0
Jump Shot,Jump Shot,201,20800003,34.0403,-183,4,-118.4528,4,2,0,2008-09,34,18,1.0,2PT Field Goal,Left Side(L),Mid-Range,16-24 ft.,1610612747,Los Angeles Lakers,2008-10-28,LAL vs. POR,POR,13157,274,183.0437106267244
Jump Shot,Jump Shot,549,20800037,33.9183,-139,126,-118.4088,4,4,0,2008-09,21,18,1.0,2PT Field Goal,Left Side Center(LC),Mid-Range,16-24 ft.,1610612747,Los Angeles Lakers,2008-11-01,LAL @ DEN,DEN,13203,261,187.608635195718
Driving Layup Shot,Layup,369,20800158,34.0443,0,0,-118.2698,6,3,0,2008-09,20,0,1.0,2PT Field Goal,Center(C),Restricted Area,Less Than 8 ft.,1610612747,Los Angeles Lakers,2008-11-18,LAL vs. CHI,CHI,13324,380,0.0
Jump Bank Shot,Jump Shot,229,20800277,33.9393,-122,105,-118.3918,3,2,0,2008-09,52,16,1.0,2PT Field Goal,Left Side Center(LC),Mid-Range,16-24 ft.,1610612747,Los Angeles Lakers,2008-12-05,LAL @ WAS,WAS,13492,232,160.96272860510285
Jump Shot,Jump Shot,69,20800322,33.7953,-27,249,-118.2968,3,1,0,2008-09,52,25,1.0,3PT Field Goal,Center(C),Above the Break 3,24+ ft.,1610612747,Los Angeles Lakers,2008-12-10,LAL vs. PHX,PHX,13548,232,250.45957757690158
Jump Shot,Jump Shot,257,20800365,33.8063,-112,238,-118.3818,0,2,0,2008-09,40,26,1.0,3PT Field Goal,Left Side Center(LC),Above the Break 3,24+ ft.,1610612747,Los Angeles Lakers,2008-12-16,LAL vs. NYK,NYK,13613,40,263.0361191927831
Driving Layup Shot,Layup,288,20800385,34.0443,0,0,-118.2698,6,3,0,2008-09,39,0,1.0,2PT Field Goal,Center(C),Restricted Area,Less Than 8 ft.,1610612747,Los Angeles Lakers,2008-12-19,LAL @ MIA,MIA,13639,399,0.0
Layup Shot,Layup,251,20800390,34.0443,0,0,-118.2698,3,2,0,2008-09,36,0,1.0,2PT Field Goal,Center(C),Restricted Area,Less Than 8 ft.,1610612747,Los Angeles Lakers,2008-12-20,LAL @ ORL,ORL,13664,216,0.0
Jump Shot,Jump Shot,116,20800500,33.9203,146,124,-118.1238,1,1,0,2008-09,4,19,1.0,2PT Field Goal,Right Side Center(RC),Mid-Range,16-24 ft.,1610612747,Los Angeles Lakers,2009-01-04,LAL vs. POR,POR,13787,64,191.55155963865192
Jump Shot,Jump Shot,393,20800513,33.8963,110,148,-118.1598,0,3,0,2008-09,54,18,1.0,2PT Field Goal,Right Side Center(RC),Mid-Range,16-24 ft.,1610612747,Los Angeles Lakers,2009-01-06,LAL vs. NOH,NOH,13815,54,184.40173534975207
Alley Oop Dunk Shot,Dunk,367,20800552,34.0443,0,0,-118.2698,1,3,0,2008-09,7,0,1.0,2PT Field Goal,Center(C),Restricted Area,Less Than 8 ft.,1610612747,Los Angeles Lakers,2009-01-11,LAL vs. MIA,MIA,13871,67,0.0
Jump Shot,Jump Shot,111,20800647,33.8873,103,157,-118.1668,2,1,0,2008-09,22,18,1.0,2PT Field Goal,Right Side Center(RC),Mid-Range,16-24 ft.,1610612747,Los Angeles Lakers,2009-01-25,LAL vs. SAS,SAS,14006,142,187.77113729218345
Driving Layup Shot,Layup,328,20800721,34.0443,0,0,-118.2698,6,3,0,2008-09,24,0,1.0,2PT Field Goal,Center(C),Restricted Area,Less Than 8 ft.,1610612747,Los Angeles Lakers,2009-02-04,LAL @ TOR,TOR,14139,384,0.0
Driving Layup Shot,Layup,73,20800732,34.0403,-4,4,-118.2738,3,1,0,2008-09,22,0,1.0,2PT Field Goal,Center(C),Restricted Area,Less Than 8 ft.,1610612747,Los Angeles Lakers,2009-02-05,LAL @ BOS,BOS,14156,202,5.656854249492381
Driving Slam Dunk Shot,Dunk,99,20800807,34.0443,0,0,-118.2698,3,1,0,2008-09,46,0,1.0,2PT Field Goal,Center(C),Restricted Area,Less Than 8 ft.,1610612747,Los Angeles Lakers,2009-02-18,LAL @ GSW,GSW,14270,226,0.0
Driving Layup Shot,Layup,532,20800821,34.0443,0,0,-118.2698,3,5,0,2008-09,31,0,1.0,2PT Field Goal,Center(C),Restricted Area,Less Than 8 ft.,1610612747,Los Angeles Lakers,2009-02-20,LAL vs. NOH,NOH,14315,211,0.0
Turnaround Jump Shot,Jump Shot,217,20800834,33.9843,70,60,-118.1998,1,2,0,2008-09,11,9,1.0,2PT Field Goal,Right Side(R),In The Paint (Non-RA),8-16 ft.,1610612747,Los Angeles Lakers,2009-02-22,LAL @ MIN,MIN,14325,71,92.19544457292886
Jump Shot,Jump Shot,101,20800884,33.8173,108,227,-118.1618,1,1,0,2008-09,50,25,1.0,3PT Field Goal,Right Side Center(RC),Above the Break 3,24+ ft.,1610612747,Los Angeles Lakers,2009-03-01,LAL @ PHX,PHX,14410,110,251.38217916153087
Layup Shot,Layup,114,20800884,34.0443,0,0,-118.2698,0,1,0,2008-09,0,0,1.0,2PT Field Goal,Center(C),Restricted Area,Less Than 8 ft.,1610612747,Los Angeles Lakers,2009-03-01,LAL @ PHX,PHX,14412,0,0.0
Driving Layup Shot,Layup,195,20800948,34.0443,0,0,-118.2698,4,2,0,2008-09,3,0,1.0,2PT Field Goal,Center(C),Restricted Area,Less Than 8 ft.,1610612747,Los Angeles Lakers,2009-03-09,LAL @ POR,POR,14491,243,0.0
Driving Layup Shot,Layup,38,20800966,34.0293,15,15,-118.2548,5,1,0,2008-09,59,2,1.0,2PT Field Goal,Center(C),Restricted Area,Less Than 8 ft.,1610612747,Los Angeles Lakers,2009-03-12,LAL @ SAS,SAS,14537,359,21.213203435596427
Layup Shot,Layup,72,20801022,34.0443,0,0,-118.2698,4,1,0,2008-09,51,0,1.0,2PT Field Goal,Center(C),Restricted Area,Less Than 8 ft.,1610612747,Los Angeles Lakers,2009-03-19,LAL vs. GSW,GSW,14592,291,0.0
Jump Shot,Jump Shot,285,20801022,33.8573,171,187,-118.0988,11,3,0,2008-09,11,25,1.0,3PT Field Goal,Right Side Center(RC),Above the Break 3,24+ ft.,1610612747,Los Angeles Lakers,2009-03-19,LAL vs. GSW,GSW,14602,671,253.39692184397185
Jump Shot,Jump Shot,280,20801078,33.8993,141,145,-118.1288,9,3,0,2008-09,57,20,1.0,2PT Field Goal,Right Side Center(RC),Mid-Range,16-24 ft.,1610612747,Los Angeles Lakers,2009-03-27,LAL @ NJN,NJN,14683,597,202.25231766286387
Driving Reverse Layup Shot,Layup,381,20801092,34.0403,-21,4,-118.2908,0,3,0,2008-09,0,2,1.0,2PT Field Goal,Center(C),Restricted Area,Less Than 8 ft.,1610612747,Los Angeles Lakers,2009-03-29,LAL @ ATL,ATL,14709,0,21.37755832643195
Layup Shot,Layup,240,20801186,34.0443,0,0,-118.2698,1,2,0,2008-09,10,0,1.0,2PT Field Goal,Center(C),Restricted Area,Less Than 8 ft.,1610612747,Los Angeles Lakers,2009-04-10,LAL @ POR,POR,14830,70,0.0
Layup Shot,Layup,178,20801201,34.0443,0,0,-118.2698,5,2,0,2008-09,32,0,1.0,2PT Field Goal,Center(C),Restricted Area,Less Than 8 ft.,1610612747,Los Angeles Lakers,2009-04-12,LAL vs. MEM,MEM,14849,332,0.0
Layup Shot,Layup,199,20900097,34.0443,0,0,-118.2698,3,2,0,2009-10,3,0,1.0,2PT Field Goal,Center(C),Restricted Area,Less Than 8 ft.,1610612747,Los Angeles Lakers,2009-11-08,LAL vs. NOH,NOH,15036,183,0.0
Driving Layup Shot,Layup,330,20900157,34.0443,0,0,-118.2698,4,3,0,2009-10,20,0,1.0,2PT Field Goal,Center(C),Restricted Area,Less Than 8 ft.,1610612747,Los Angeles Lakers,2009-11-17,LAL vs. DET,DET,15120,260,0.0
Driving Layup Shot,Layup,13,20900413,34.0443,0,0,-118.2698,10,1,0,2009-10,30,0,1.0,2PT Field Goal,Center(C),Restricted Area,Less Than 8 ft.,1610612747,Los Angeles Lakers,2009-12-22,LAL vs. OKC,OKC,15445,630,0.0
Jump Shot,Jump Shot,7,20900476,33.8873,-40,157,-118.3098,11,1,0,2009-10,18,16,1.0,2PT Field Goal,Center(C),Mid-Range,16-24 ft.,1610612747,Los Angeles Lakers,2010-01-01,LAL vs. SAC,SAC,15587,678,162.0154313638056
Driving Layup Shot,Layup,239,20900506,34.0443,0,0,-118.2698,0,2,0,2009-10,22,0,1.0,2PT Field Goal,Center(C),Restricted Area,Less Than 8 ft.,1610612747,Los Angeles Lakers,2010-01-05,LAL vs. HOU,HOU,15636,22,0.0
Jump Shot,Jump Shot,322,20900516,33.7753,-30,269,-118.2998,5,3,0,2009-10,27,27,1.0,3PT Field Goal,Center(C),Above the Break 3,24+ ft.,1610612747,Los Angeles Lakers,2010-01-06,LAL @ LAC,LAC,15667,327,270.667692937299
Driving Layup Shot,Layup,291,20900605,34.0443,0,0,-118.2698,4,3,0,2009-10,8,0,1.0,2PT Field Goal,Center(C),Restricted Area,Less Than 8 ft.,1610612747,Los Angeles Lakers,2010-01-18,LAL vs. ORL,ORL,15789,248,0.0
Layup Shot,Layup,86,20900727,34.0443,0,0,-118.2698,1,1,0,2009-10,53,0,1.0,2PT Field Goal,Center(C),Restricted Area,Less Than 8 ft.,1610612747,Los Angeles Lakers,2010-02-03,LAL vs. CHA,CHA,15977,113,0.0
Driving Layup Shot,Layup,198,20900912,34.0443,0,0,-118.2698,4,2,0,2009-10,7,0,1.0,2PT Field Goal,Center(C),Restricted Area,Less Than 8 ft.,1610612747,Los Angeles Lakers,2010-03-04,LAL @ MIA,MIA,16104,247,0.0
Driving Layup Shot,Layup,408,20900912,34.0443,0,0,-118.2698,5,4,0,2009-10,54,0,1.0,2PT Field Goal,Center(C),Restricted Area,Less Than 8 ft.,1610612747,Los Angeles Lakers,2010-03-04,LAL @ MIA,MIA,16115,354,0.0
Driving Layup Shot,Layup,166,20901142,34.0443,0,0,-118.2698,4,2,0,2009-10,26,0,1.0,2PT Field Goal,Center(C),Restricted Area,Less Than 8 ft.,1610612747,Los Angeles Lakers,2010-04-04,LAL vs. SAS,SAS,16395,266,0.0
Driving Layup Shot,Layup,299,21000043,34.0353,-21,9,-118.2908,9,3,0,2010-11,52,2,1.0,2PT Field Goal,Center(C),Restricted Area,Less Than 8 ft.,1610612747,Los Angeles Lakers,2010-10-31,LAL vs. GSW,GSW,16486,592,22.84731931759173
Layup Shot,Layup,222,21000161,34.0433,4,1,-118.2658,1,2,0,2010-11,51,0,1.0,2PT Field Goal,Center(C),Restricted Area,Less Than 8 ft.,1610612747,Los Angeles Lakers,2010-11-17,LAL @ DET,DET,16662,111,4.123105625617661
Driving Layup Shot,Layup,58,21000176,34.0223,24,22,-118.2458,4,1,0,2010-11,40,3,1.0,2PT Field Goal,Center(C),Restricted Area,Less Than 8 ft.,1610612747,Los Angeles Lakers,2010-11-19,LAL @ MIN,MIN,16675,280,32.55764119219941
Jump Shot,Jump Shot,205,21000176,33.8743,106,170,-118.1638,4,2,0,2010-11,23,20,1.0,2PT Field Goal,Right Side Center(RC),Mid-Range,16-24 ft.,1610612747,Los Angeles Lakers,2010-11-19,LAL @ MIN,MIN,16679,263,200.33971149025845
Jump Shot,Jump Shot,233,21000231,33.9583,-11,86,-118.2808,1,2,0,2010-11,30,8,1.0,2PT Field Goal,Center(C),In The Paint (Non-RA),8-16 ft.,1610612747,Los Angeles Lakers,2010-11-26,LAL @ UTA,UTA,16741,90,86.70063436907482
Jump Shot,Jump Shot,439,21000231,33.8243,-142,220,-118.4118,3,4,0,2010-11,10,26,1.0,3PT Field Goal,Left Side Center(LC),Above the Break 3,24+ ft.,1610612747,Los Angeles Lakers,2010-11-26,LAL @ UTA,UTA,16752,190,261.8472837361503
Jump Shot,Jump Shot,546,21000315,33.8113,-155,233,-118.4248,1,4,0,2010-11,27,27,1.0,3PT Field Goal,Left Side Center(LC),Above the Break 3,24+ ft.,1610612747,Los Angeles Lakers,2010-12-07,LAL vs. WAS,WAS,16874,87,279.84638643370045
Layup Shot,Layup,337,21000511,34.0193,2,25,-118.2678,2,3,0,2010-11,49,2,1.0,2PT Field Goal,Center(C),Restricted Area,Less Than 8 ft.,1610612747,Los Angeles Lakers,2011-01-04,LAL vs. DET,DET,17123,169,25.079872407968914
Driving Layup Shot,Layup,60,21000535,34.0303,-11,14,-118.2808,3,1,0,2010-11,24,1,1.0,2PT Field Goal,Center(C),Restricted Area,Less Than 8 ft.,1610612747,Los Angeles Lakers,2011-01-07,LAL vs. NOH,NOH,17143,204,17.804493814764854
Jump Shot,Jump Shot,225,21000702,33.8953,211,149,-118.0588,2,2,0,2010-11,41,25,1.0,3PT Field Goal,Right Side Center(RC),Above the Break 3,24+ ft.,1610612747,Los Angeles Lakers,2011-01-30,LAL vs. BOS,BOS,17345,161,258.30602006147666
Driving Layup Shot,Layup,175,21000805,34.0323,21,12,-118.2488,6,2,0,2010-11,4,2,1.0,2PT Field Goal,Center(C),Restricted Area,Less Than 8 ft.,1610612747,Los Angeles Lakers,2011-02-13,LAL @ ORL,ORL,17488,364,24.186773244895647
Driving Layup Shot,Layup,377,21000871,34.0213,-15,23,-118.2848,0,3,0,2010-11,14,2,1.0,2PT Field Goal,Center(C),Restricted Area,Less Than 8 ft.,1610612747,Los Angeles Lakers,2011-02-25,LAL vs. LAC,LAC,17602,14,27.459060435491967
Driving Layup Shot,Layup,255,21001215,34.0253,15,19,-118.2548,1,2,0,2010-11,36,2,1.0,2PT Field Goal,Center(C),Restricted Area,Less Than 8 ft.,1610612747,Los Angeles Lakers,2011-04-12,LAL vs. SAS,SAS,18039,96,24.20743687382041
Jump Shot,Jump Shot,229,21100063,33.8983,-213,146,-118.4828,4,2,0,2011-12,33,25,1.0,3PT Field Goal,Left Side Center(LC),Above the Break 3,24+ ft.,1610612747,Los Angeles Lakers,2012-01-01,LAL @ DEN,DEN,18178,273,258.23438965405046
Driving Layup Shot,Layup,317,21100213,34.0293,-19,15,-118.2888,5,3,0,2011-12,54,2,1.0,2PT Field Goal,Center(C),Restricted Area,Less Than 8 ft.,1610612747,Los Angeles Lakers,2012-01-19,LAL @ MIA,MIA,18458,354,24.20743687382041
Jump Shot,Jump Shot,407,21100213,33.8493,181,195,-118.0888,8,4,0,2011-12,0,26,1.0,3PT Field Goal,Right Side Center(RC),Above the Break 3,24+ ft.,1610612747,Los Angeles Lakers,2012-01-19,LAL @ MIA,MIA,18460,480,266.05638500137525
Driving Reverse Layup Shot,Layup,180,21100297,34.0403,-11,4,-118.2808,4,2,0,2011-12,52,1,1.0,2PT Field Goal,Center(C),Restricted Area,Less Than 8 ft.,1610612747,Los Angeles Lakers,2012-01-29,LAL @ MIN,MIN,18565,292,11.704699910719626
Jump Shot,Jump Shot,91,21100313,33.8393,-168,205,-118.4378,4,1,0,2011-12,1,26,1.0,3PT Field Goal,Left Side Center(LC),Above the Break 3,24+ ft.,1610612747,Los Angeles Lakers,2012-01-31,LAL vs. CHA,CHA,18593,241,265.04527915056326
Dunk Shot,Dunk,303,21100384,34.0443,1,0,-118.2688,5,3,0,2011-12,52,0,1.0,2PT Field Goal,Center(C),Restricted Area,Less Than 8 ft.,1610612747,Los Angeles Lakers,2012-02-09,LAL @ BOS,BOS,18684,352,1.0
Jump Shot,Jump Shot,424,21100547,33.9233,54,121,-118.2158,6,4,0,2011-12,30,13,1.0,2PT Field Goal,Center(C),In The Paint (Non-RA),8-16 ft.,1610612747,Los Angeles Lakers,2012-03-04,LAL vs. MIA,MIA,18945,390,132.5028301584536
Jump Shot,Jump Shot,292,21100571,34.0413,-54,3,-118.3238,10,3,0,2011-12,35,5,1.0,2PT Field Goal,Center(C),In The Paint (Non-RA),Less Than 8 ft.,1610612747,Los Angeles Lakers,2012-03-07,LAL @ WAS,WAS,18991,635,54.083269131959845
Driving Layup Shot,Layup,245,21100726,34.0373,15,7,-118.2548,1,2,0,2011-12,32,1,1.0,2PT Field Goal,Center(C),Restricted Area,Less Than 8 ft.,1610612747,Los Angeles Lakers,2012-03-25,LAL vs. MEM,MEM,19210,92,16.55294535724685
Jump Shot,Jump Shot,363,21200130,34.0443,102,0,-118.1678,2,3,0,2012-13,8,10,1.0,2PT Field Goal,Right Side(R),Mid-Range,8-16 ft.,1610612747,Los Angeles Lakers,2012-11-16,LAL vs. PHX,PHX,19563,128,102.0
Driving Layup Shot,Layup,498,21200169,34.0353,18,9,-118.2518,1,4,0,2012-13,40,2,1.0,2PT Field Goal,Center(C),Restricted Area,Less Than 8 ft.,1610612747,Los Angeles Lakers,2012-11-21,LAL @ SAC,SAC,19622,100,20.12461179749811
Jump Shot,Jump Shot,5,21200177,33.9073,-141,137,-118.4108,10,1,0,2012-13,57,19,1.0,2PT Field Goal,Left Side Center(LC),Mid-Range,16-24 ft.,1610612747,Los Angeles Lakers,2012-11-23,LAL @ MEM,MEM,19623,657,196.596032513375
Jump Shot,Jump Shot,181,21200177,33.9073,-150,137,-118.4198,5,2,0,2012-13,56,20,1.0,2PT Field Goal,Left Side Center(LC),Mid-Range,16-24 ft.,1610612747,Los Angeles Lakers,2012-11-23,LAL @ MEM,MEM,19627,356,203.14772949752603
Driving Layup Shot,Layup,246,21200256,34.0293,20,15,-118.2498,3,2,0,2012-13,41,2,1.0,2PT Field Goal,Center(C),Restricted Area,Less Than 8 ft.,1610612747,Los Angeles Lakers,2012-12-04,LAL @ HOU,HOU,19740,221,25.0
Jump Shot,Jump Shot,249,21200280,33.9023,-201,142,-118.4708,4,2,0,2012-13,22,24,1.0,3PT Field Goal,Left Side Center(LC),Above the Break 3,24+ ft.,1610612747,Los Angeles Lakers,2012-12-07,LAL @ OKC,OKC,19782,262,246.09957334379916
Driving Layup Shot,Layup,581,21200305,34.0353,6,9,-118.2638,0,4,0,2012-13,8,1,1.0,2PT Field Goal,Center(C),Restricted Area,Less Than 8 ft.,1610612747,Los Angeles Lakers,2012-12-11,LAL @ CLE,CLE,19850,8,10.816653826391967
Driving Layup Shot,Layup,115,21200364,34.0353,-4,9,-118.2738,2,1,0,2012-13,21,0,1.0,2PT Field Goal,Center(C),Restricted Area,Less Than 8 ft.,1610612747,Los Angeles Lakers,2012-12-18,LAL vs. CHA,CHA,19929,141,9.848857801796104
Driving Layup Shot,Layup,407,21200463,34.0383,0,6,-118.2698,1,3,0,2012-13,3,0,1.0,2PT Field Goal,Center(C),Restricted Area,Less Than 8 ft.,1610612747,Los Angeles Lakers,2013-01-01,LAL vs. PHI,PHI,20074,63,6.0
Layup Shot,Layup,54,21200555,34.0223,12,22,-118.2578,5,1,0,2012-13,44,2,1.0,2PT Field Goal,Center(C),Restricted Area,Less Than 8 ft.,1610612747,Los Angeles Lakers,2013-01-13,LAL vs. CLE,CLE,20207,344,25.05992817228333
Driving Layup Shot,Layup,363,21200695,34.0353,-15,9,-118.2848,1,3,0,2012-13,1,1,1.0,2PT Field Goal,Center(C),Restricted Area,Less Than 8 ft.,1610612747,Los Angeles Lakers,2013-02-01,LAL @ MIN,MIN,20397,61,17.4928556845359
Driving Layup Shot,Layup,531,21200897,34.0293,10,15,-118.2598,3,4,0,2012-13,17,1,1.0,2PT Field Goal,Center(C),Restricted Area,Less Than 8 ft.,1610612747,Los Angeles Lakers,2013-03-05,LAL @ OKC,OKC,20664,197,18.027756377319946
Driving Layup Shot,Layup,254,21200906,34.0323,12,12,-118.2578,1,2,0,2012-13,33,1,1.0,2PT Field Goal,Center(C),Restricted Area,Less Than 8 ft.,1610612747,Los Angeles Lakers,2013-03-06,LAL @ NOH,NOH,20674,93,16.97056274847714
Driving Layup Shot,Layup,405,21201189,34.0383,18,6,-118.2518,0,3,0,2012-13,48,1,1.0,2PT Field Goal,Center(C),Restricted Area,Less Than 8 ft.,1610612747,Los Angeles Lakers,2013-04-12,LAL vs. GSW,GSW,20998,48,18.973665961010283
Driving Layup Shot,Layup,131,21300317,34.0253,21,19,-118.2488,6,2,0,2013-14,11,2,1.0,2PT Field Goal,Center(C),Restricted Area,Less Than 8 ft.,1610612747,Los Angeles Lakers,2013-12-10,LAL vs. PHX,PHX,21013,371,28.3196045170126
Driving Layup Shot,Layup,456,21400155,34.0433,6,1,-118.2638,4,4,0,2014-15,10,0,1.0,2PT Field Goal,Center(C),Restricted Area,Less Than 8 ft.,1610612747,Los Angeles Lakers,2014-11-18,LAL @ ATL,ATL,21332,250,6.0827625302982185
Driving Layup Shot,Layup,464,21400222,34.0293,-2,15,-118.2718,3,4,0,2014-15,0,1,1.0,2PT Field Goal,Center(C),Restricted Area,Less Than 8 ft.,1610612747,Los Angeles Lakers,2014-11-26,LAL vs. MEM,MEM,21423,180,15.132745950421555
Jump Shot,Jump Shot,438,21400402,34.0083,-15,36,-118.2848,0,3,0,2014-15,3,3,1.0,2PT Field Goal,Center(C),Restricted Area,Less Than 8 ft.,1610612747,Los Angeles Lakers,2014-12-21,LAL @ SAC,SAC,21673,3,39.0
Jump Shot,Jump Shot,220,21500045,33.9443,71,100,-118.1988,4,2,0,2015-16,0,12,1.0,2PT Field Goal,Right Side(R),In The Paint (Non-RA),8-16 ft.,1610612747,Los Angeles Lakers,2015-11-01,LAL vs. DAL,DAL,21828,240,122.64175471673585
Driving Layup Shot,Layup,198,21500458,34.0313,4,13,-118.2658,4,2,0,2015-16,57,1,1.0,2PT Field Goal,Center(C),Restricted Area,Less Than 8 ft.,1610612747,Los Angeles Lakers,2015-12-28,LAL @ CHA,CHA,22256,297,13.601470508735444
Driving Reverse Layup Shot,Layup,277,21500458,34.0363,-14,8,-118.2838,9,3,0,2015-16,11,1,1.0,2PT Field Goal,Center(C),Restricted Area,Less Than 8 ft.,1610612747,Los Angeles Lakers,2015-12-28,LAL @ CHA,CHA,22261,551,16.1245154965971
Layup Shot,Layup,298,21500638,34.0443,-19,0,-118.2888,0,2,0,2015-16,0,1,1.0,2PT Field Goal,Center(C),Restricted Area,Less Than 8 ft.,1610612747,Los Angeles Lakers,2016-01-20,LAL vs. SAC,SAC,22373,0,19.0
Layup Shot,Layup,189,21500776,34.0423,1,2,-118.2688,7,2,0,2015-16,58,0,1.0,2PT Field Goal,Center(C),Restricted Area,Less Than 8 ft.,1610612747,Los Angeles Lakers,2016-02-08,LAL @ IND,IND,22504,478,2.23606797749979
Jump Shot,Jump Shot,162,29600136,33.8693,97,175,-118.1728,2,2,0,1996-97,51,20,1.0,2PT Field Goal,Right Side Center(RC),Mid-Range,16-24 ft.,1610612747,Los Angeles Lakers,1996-11-19,LAL @ GSW,GSW,22934,171,200.08498194517247
Driving Layup Shot,Layup,440,29600240,34.0443,0,0,-118.2698,2,4,0,1996-97,13,0,1.0,2PT Field Goal,Center(C),Restricted Area,Less Than 8 ft.,1610612747,Los Angeles Lakers,1996-12-04,LAL @ UTA,UTA,22966,133,0.0
Driving Layup Shot,Layup,354,29600439,34.0443,0,0,-118.2698,2,3,0,1996-97,18,0,1.0,2PT Field Goal,Center(C),Restricted Area,Less Than 8 ft.,1610612747,Los Angeles Lakers,1997-01-03,LAL vs. SAC,SAC,22996,138,0.0
Layup Shot,Layup,183,29600559,34.0443,0,0,-118.2698,7,2,0,1996-97,27,0,1.0,2PT Field Goal,Center(C),Restricted Area,Less Than 8 ft.,1610612747,Los Angeles Lakers,1997-01-20,LAL vs. DAL,DAL,23058,447,0.0
Layup Shot,Layup,279,29600623,34.0443,0,0,-118.2698,7,3,0,1996-97,22,0,1.0,2PT Field Goal,Center(C),Restricted Area,Less Than 8 ft.,1610612747,Los Angeles Lakers,1997-01-29,LAL @ SAS,SAS,23094,442,0.0
Layup Shot,Layup,130,29600698,34.0443,0,0,-118.2698,0,1,0,1996-97,0,0,1.0,2PT Field Goal,Center(C),Restricted Area,Less Than 8 ft.,1610612747,Los Angeles Lakers,1997-02-12,LAL @ MIN,MIN,23126,0,0.0
Layup Shot,Layup,174,29600869,34.0443,0,0,-118.2698,3,2,0,1996-97,41,0,1.0,2PT Field Goal,Center(C),Restricted Area,Less Than 8 ft.,1610612747,Los Angeles Lakers,1997-03-07,LAL vs. HOU,HOU,23165,221,0.0
Layup Shot,Layup,100,29600942,34.0443,0,0,-118.2698,0,1,0,1996-97,0,0,1.0,2PT Field Goal,Center(C),Restricted Area,Less Than 8 ft.,1610612747,Los Angeles Lakers,1997-03-17,LAL @ DEN,DEN,23214,0,0.0
Jump Shot,Jump Shot,345,29700040,33.7923,-33,252,-118.3028,1,3,0,1997-98,29,25,1.0,3PT Field Goal,Center(C),Above the Break 3,24+ ft.,1610612747,Los Angeles Lakers,1997-11-04,LAL @ SAC,SAC,23342,89,254.15152960389594
Driving Layup Shot,Layup,470,29700076,34.0443,0,0,-118.2698,11,4,0,1997-98,43,0,1.0,2PT Field Goal,Center(C),Restricted Area,Less Than 8 ft.,1610612747,Los Angeles Lakers,1997-11-09,LAL vs. GSW,GSW,23367,703,0.0
Jump Shot,Jump Shot,282,29700217,33.8843,207,160,-118.0628,5,3,0,1997-98,54,26,1.0,3PT Field Goal,Right Side Center(RC),Above the Break 3,24+ ft.,1610612747,Los Angeles Lakers,1997-11-30,LAL vs. TOR,TOR,23477,354,261.627597932634
Driving Layup Shot,Layup,336,29700217,34.0443,0,0,-118.2698,11,4,0,1997-98,14,0,1.0,2PT Field Goal,Center(C),Restricted Area,Less Than 8 ft.,1610612747,Los Angeles Lakers,1997-11-30,LAL vs. TOR,TOR,23478,674,0.0
Driving Dunk Shot,Dunk,101,29700335,34.0443,0,0,-118.2698,1,1,0,1997-98,30,0,1.0,2PT Field Goal,Center(C),Restricted Area,Less Than 8 ft.,1610612747,Los Angeles Lakers,1997-12-17,LAL @ CHI,CHI,23597,90,0.0
Driving Layup Shot,Layup,404,29700343,34.0443,0,0,-118.2698,8,4,0,1997-98,57,0,1.0,2PT Field Goal,Center(C),Restricted Area,Less Than 8 ft.,1610612747,Los Angeles Lakers,1997-12-19,LAL @ ATL,ATL,23626,537,0.0
Jump Shot,Jump Shot,78,29700370,34.0543,108,-10,-118.1618,2,1,0,1997-98,18,10,1.0,2PT Field Goal,Right Side(R),Mid-Range,8-16 ft.,1610612747,Los Angeles Lakers,1997-12-22,LAL @ HOU,HOU,23646,138,108.46197490365
Driving Layup Shot,Layup,132,29700450,34.0443,0,0,-118.2698,0,1,0,1997-98,5,0,1.0,2PT Field Goal,Center(C),Restricted Area,Less Than 8 ft.,1610612747,Los Angeles Lakers,1998-01-04,LAL vs. PHI,PHI,23704,5,0.0
Layup Shot,Layup,497,29700543,34.0443,0,0,-118.2698,2,4,0,1997-98,55,0,1.0,2PT Field Goal,Center(C),Restricted Area,Less Than 8 ft.,1610612747,Los Angeles Lakers,1998-01-17,LAL vs. MIA,MIA,23772,175,0.0
Driving Layup Shot,Layup,431,29700647,34.0443,0,0,-118.2698,6,4,0,1997-98,8,0,1.0,2PT Field Goal,Center(C),Restricted Area,Less Than 8 ft.,1610612747,Los Angeles Lakers,1998-02-01,LAL vs. CHI,CHI,23855,368,0.0
Driving Layup Shot,Layup,427,29700693,34.0443,0,0,-118.2698,10,4,0,1997-98,6,0,1.0,2PT Field Goal,Center(C),Restricted Area,Less Than 8 ft.,1610612747,Los Angeles Lakers,1998-02-10,LAL @ POR,POR,23872,606,0.0
Layup Shot,Layup,469,29700728,34.0443,0,0,-118.2698,2,4,0,1997-98,34,0,1.0,2PT Field Goal,Center(C),Restricted Area,Less Than 8 ft.,1610612747,Los Angeles Lakers,1998-02-15,LAL vs. HOU,HOU,23917,154,0.0
Driving Layup Shot,Layup,117,29700813,34.0443,0,0,-118.2698,0,1,0,1997-98,29,0,1.0,2PT Field Goal,Center(C),Restricted Area,Less Than 8 ft.,1610612747,Los Angeles Lakers,1998-02-27,LAL @ MIN,MIN,23976,29,0.0
Driving Layup Shot,Layup,89,29700863,34.0443,0,0,-118.2698,2,1,0,1997-98,19,0,1.0,2PT Field Goal,Center(C),Restricted Area,Less Than 8 ft.,1610612747,Los Angeles Lakers,1998-03-06,LAL vs. SAS,SAS,24015,139,0.0
Slam Dunk Shot,Dunk,81,29700985,34.0443,0,0,-118.2698,1,1,0,1997-98,26,0,1.0,2PT Field Goal,Center(C),Restricted Area,Less Than 8 ft.,1610612747,Los Angeles Lakers,1998-03-23,LAL @ DEN,DEN,24082,86,0.0
Driving Layup Shot,Layup,165,29701033,34.0443,0,0,-118.2698,9,2,0,1997-98,16,0,1.0,2PT Field Goal,Center(C),Restricted Area,Less Than 8 ft.,1610612747,Los Angeles Lakers,1998-03-29,LAL vs. WAS,WAS,24108,556,0.0
Driving Layup Shot,Layup,194,29701055,34.0443,0,0,-118.2698,4,2,0,1997-98,11,0,1.0,2PT Field Goal,Center(C),Restricted Area,Less Than 8 ft.,1610612747,Los Angeles Lakers,1998-04-02,LAL @ NJN,NJN,24134,251,0.0
Driving Layup Shot,Layup,106,29701120,34.0443,0,0,-118.2698,0,1,0,1997-98,0,0,1.0,2PT Field Goal,Center(C),Restricted Area,Less Than 8 ft.,1610612747,Los Angeles Lakers,1998-04-10,LAL vs. PHX,PHX,24170,0,0.0
Driving Layup Shot,Layup,163,29701173,34.0443,0,0,-118.2698,5,2,0,1997-98,13,0,1.0,2PT Field Goal,Center(C),Restricted Area,Less Than 8 ft.,1610612747,Los Angeles Lakers,1998-04-17,LAL vs. DAL,DAL,24215,313,0.0
Slam Dunk Shot,Dunk,53,29800011,34.0443,0,0,-118.2698,6,1,0,1998-99,35,0,1.0,2PT Field Goal,Center(C),Restricted Area,Less Than 8 ft.,1610612747,Los Angeles Lakers,1999-02-05,LAL vs. HOU,HOU,24240,395,0.0
Jump Shot,Jump Shot,385,29800011,33.9233,-115,121,-118.3848,0,3,0,1998-99,2,16,1.0,2PT Field Goal,Left Side Center(LC),Mid-Range,16-24 ft.,1610612747,Los Angeles Lakers,1999-02-05,LAL vs. HOU,HOU,24251,2,166.93112352104984
Driving Layup Shot,Layup,474,29800048,34.0443,0,0,-118.2698,0,4,0,1998-99,15,0,1.0,2PT Field Goal,Center(C),Restricted Area,Less Than 8 ft.,1610612747,Los Angeles Lakers,1999-02-10,LAL @ DEN,DEN,24303,15,0.0
Driving Layup Shot,Layup,149,29800088,34.0443,0,0,-118.2698,9,2,0,1998-99,20,0,1.0,2PT Field Goal,Center(C),Restricted Area,Less Than 8 ft.,1610612747,Los Angeles Lakers,1999-02-16,LAL vs. CHH,CHA,24345,560,0.0
Dunk Shot,Dunk,470,29800169,34.0443,0,0,-118.2698,10,4,0,1998-99,50,0,1.0,2PT Field Goal,Center(C),Restricted Area,Less Than 8 ft.,1610612747,Los Angeles Lakers,1999-02-26,LAL vs. LAC,LAC,24454,650,0.0
Jump Shot,Jump Shot,223,29800186,33.9163,-98,128,-118.3678,0,2,0,1998-99,2,16,1.0,2PT Field Goal,Left Side Center(LC),Mid-Range,16-24 ft.,1610612747,Los Angeles Lakers,1999-02-28,LAL vs. HOU,HOU,24468,2,161.2079402510931
Layup Shot,Layup,6,29800255,34.0443,0,0,-118.2698,11,1,0,1998-99,4,0,1.0,2PT Field Goal,Center(C),Restricted Area,Less Than 8 ft.,1610612747,Los Angeles Lakers,1999-03-09,LAL @ LAC,LAC,24538,664,0.0
Driving Layup Shot,Layup,249,29800255,34.0443,0,0,-118.2698,3,2,0,1998-99,32,0,1.0,2PT Field Goal,Center(C),Restricted Area,Less Than 8 ft.,1610612747,Los Angeles Lakers,1999-03-09,LAL @ LAC,LAC,24540,212,0.0
Jump Shot,Jump Shot,225,29800297,34.0343,121,10,-118.1488,0,2,0,1998-99,22,12,1.0,2PT Field Goal,Right Side(R),Mid-Range,8-16 ft.,1610612747,Los Angeles Lakers,1999-03-14,LAL @ SAC,SAC,24579,22,121.41251994749142
Jump Shot,Jump Shot,253,29800297,34.0343,136,10,-118.1338,10,3,0,1998-99,33,13,1.0,2PT Field Goal,Right Side(R),Mid-Range,8-16 ft.,1610612747,Los Angeles Lakers,1999-03-14,LAL @ SAC,SAC,24580,633,136.36715146984628
Slam Dunk Shot,Dunk,291,29800413,34.0443,0,0,-118.2698,5,3,0,1998-99,55,0,1.0,2PT Field Goal,Center(C),Restricted Area,Less Than 8 ft.,1610612747,Los Angeles Lakers,1999-03-28,LAL vs. NYK,NYK,24724,355,0.0
Driving Layup Shot,Layup,30,29800525,34.0443,0,0,-118.2698,8,1,0,1998-99,15,0,1.0,2PT Field Goal,Center(C),Restricted Area,Less Than 8 ft.,1610612747,Los Angeles Lakers,1999-04-11,LAL vs. SEA,SEA,24842,495,0.0
Layup Shot,Layup,195,29800542,34.0443,0,0,-118.2698,4,2,0,1998-99,11,0,1.0,2PT Field Goal,Center(C),Restricted Area,Less Than 8 ft.,1610612747,Los Angeles Lakers,1999-04-13,LAL @ POR,POR,24871,251,0.0
Driving Layup Shot,Layup,137,29800593,34.0443,0,0,-118.2698,2,2,0,1998-99,37,0,1.0,2PT Field Goal,Center(C),Restricted Area,Less Than 8 ft.,1610612747,Los Angeles Lakers,1999-04-19,LAL vs. VAN,VAN,24899,157,0.0
Slam Dunk Shot,Dunk,177,29800703,34.0443,0,0,-118.2698,5,2,0,1998-99,34,0,1.0,2PT Field Goal,Center(C),Restricted Area,Less Than 8 ft.,1610612747,Los Angeles Lakers,1999-05-03,LAL vs. DAL,DAL,25003,334,0.0
Driving Layup Shot,Layup,399,29900327,34.0443,0,0,-118.2698,5,4,0,1999-00,18,0,1.0,2PT Field Goal,Center(C),Restricted Area,Less Than 8 ft.,1610612747,Los Angeles Lakers,1999-12-17,LAL @ MIN,MIN,25180,318,0.0
Driving Layup Shot,Layup,125,29900344,34.0443,0,0,-118.2698,0,1,0,1999-00,4,0,1.0,2PT Field Goal,Center(C),Restricted Area,Less Than 8 ft.,1610612747,Los Angeles Lakers,1999-12-19,LAL @ TOR,TOR,25191,4,0.0
Jump Shot,Jump Shot,136,29900440,33.8583,-89,186,-118.3588,0,1,0,1999-00,30,20,1.0,2PT Field Goal,Left Side Center(LC),Mid-Range,16-24 ft.,1610612747,Los Angeles Lakers,2000-01-04,LAL @ LAC,LAC,25284,30,206.19650821485803
Driving Layup Shot,Layup,199,29900440,34.0443,0,0,-118.2698,5,2,0,1999-00,17,0,1.0,2PT Field Goal,Center(C),Restricted Area,Less Than 8 ft.,1610612747,Los Angeles Lakers,2000-01-04,LAL @ LAC,LAC,25286,317,0.0
Driving Layup Shot,Layup,298,29900483,34.0443,0,0,-118.2698,10,3,0,1999-00,32,0,1.0,2PT Field Goal,Center(C),Restricted Area,Less Than 8 ft.,1610612747,Los Angeles Lakers,2000-01-10,LAL vs. DEN,DEN,25376,632,0.0
Jump Shot,Jump Shot,221,29900537,33.8283,130,216,-118.1398,1,2,0,1999-00,31,25,1.0,3PT Field Goal,Right Side Center(RC),Above the Break 3,24+ ft.,1610612747,Los Angeles Lakers,2000-01-17,LAL vs. SEA,SEA,25442,91,252.10315349078843
Driving Layup Shot,Layup,426,29900582,34.0443,0,0,-118.2698,5,4,0,1999-00,0,0,1.0,2PT Field Goal,Center(C),Restricted Area,Less Than 8 ft.,1610612747,Los Angeles Lakers,2000-01-24,LAL @ UTA,UTA,25504,300,0.0
Driving Layup Shot,Layup,24,29900680,34.0443,0,0,-118.2698,8,1,0,1999-00,58,0,1.0,2PT Field Goal,Center(C),Restricted Area,Less Than 8 ft.,1610612747,Los Angeles Lakers,2000-02-07,LAL vs. DEN,DEN,25572,538,0.0
Driving Layup Shot,Layup,29,29900923,34.0473,1,-3,-118.2688,8,1,0,1999-00,43,0,1.0,2PT Field Goal,Center(C),Restricted Area,Less Than 8 ft.,1610612747,Los Angeles Lakers,2000-03-16,LAL @ WAS,WAS,25877,523,3.1622776601683795
Driving Layup Shot,Layup,258,29900955,34.0443,0,0,-118.2698,7,3,0,1999-00,10,0,1.0,2PT Field Goal,Center(C),Restricted Area,Less Than 8 ft.,1610612747,Los Angeles Lakers,2000-03-20,LAL @ MIA,MIA,25946,430,0.0
Layup Shot,Layup,267,29901025,34.0433,-1,1,-118.2708,8,3,0,1999-00,13,0,1.0,2PT Field Goal,Center(C),Restricted Area,Less Than 8 ft.,1610612747,Los Angeles Lakers,2000-03-29,LAL @ VAN,VAN,26016,493,1.4142135623730951
Slam Dunk Shot,Dunk,421,29901025,34.0473,-1,-3,-118.2708,2,4,0,1999-00,3,0,1.0,2PT Field Goal,Center(C),Restricted Area,Less Than 8 ft.,1610612747,Los Angeles Lakers,2000-03-29,LAL @ VAN,VAN,26023,123,3.1622776601683795
Jump Shot,Jump Shot,211,29901097,33.8393,-158,205,-118.4278,2,2,0,1999-00,2,25,1.0,3PT Field Goal,Left Side Center(LC),Above the Break 3,24+ ft.,1610612747,Los Angeles Lakers,2000-04-08,LAL vs. SAS,SAS,26075,122,258.8223328849348
Driving Layup Shot,Layup,318,29901097,34.0443,0,0,-118.2698,4,3,0,1999-00,25,0,1.0,2PT Field Goal,Center(C),Restricted Area,Less Than 8 ft.,1610612747,Los Angeles Lakers,2000-04-08,LAL vs. SAS,SAS,26081,265,0.0
Driving Layup Shot,Layup,322,29901114,34.0443,0,0,-118.2698,5,3,0,1999-00,14,0,1.0,2PT Field Goal,Center(C),Restricted Area,Less Than 8 ft.,1610612747,Los Angeles Lakers,2000-04-10,LAL vs. SEA,SEA,26108,314,0.0
Driving Layup Shot,Layup,26,40000022,34.0443,0,0,-118.2698,7,1,1,2000-01,56,0,1.0,2PT Field Goal,Center(C),Restricted Area,Less Than 8 ft.,1610612747,Los Angeles Lakers,2001-04-29,LAL @ POR,POR,26232,476,0.0
Jump Shot,Jump Shot,238,40000043,33.9873,117,57,-118.1528,2,2,1,2000-01,25,13,1.0,2PT Field Goal,Right Side(R),Mid-Range,8-16 ft.,1610612747,Los Angeles Lakers,2001-05-06,LAL vs. SAC,SAC,26263,145,130.14607178090316
Jump Shot,Jump Shot,326,40000043,33.9093,117,135,-118.1528,5,3,1,2000-01,30,17,1.0,2PT Field Goal,Right Side Center(RC),Mid-Range,16-24 ft.,1610612747,Los Angeles Lakers,2001-05-06,LAL vs. SAC,SAC,26269,330,178.64489917151286
Driving Layup Shot,Layup,339,40000043,34.0443,0,0,-118.2698,3,3,1,2000-01,48,0,1.0,2PT Field Goal,Center(C),Restricted Area,Less Than 8 ft.,1610612747,Los Angeles Lakers,2001-05-06,LAL vs. SAC,SAC,26271,228,0.0
Driving Layup Shot,Layup,244,40000051,34.0443,0,0,-118.2698,11,3,1,2000-01,36,0,1.0,2PT Field Goal,Center(C),Restricted Area,Less Than 8 ft.,1610612747,Los Angeles Lakers,2001-05-13,LAL @ SAC,SAC,26330,696,0.0
Dunk Shot,Dunk,219,40000069,34.0403,-1,4,-118.2708,10,3,1,2000-01,57,0,1.0,2PT Field Goal,Center(C),Restricted Area,Less Than 8 ft.,1610612747,Los Angeles Lakers,2001-05-19,LAL @ SAS,SAS,26361,657,4.123105625617661
Driving Layup Shot,Layup,370,40000071,34.0443,0,0,-118.2698,1,3,1,2000-01,57,0,1.0,2PT Field Goal,Center(C),Restricted Area,Less Than 8 ft.,1610612747,Los Angeles Lakers,2001-05-25,LAL vs. SAS,SAS,26423,117,0.0
Jump Shot,Jump Shot,261,40000085,33.9623,-4,82,-118.2738,5,3,1,2000-01,32,8,1.0,2PT Field Goal,Center(C),In The Paint (Non-RA),8-16 ft.,1610612747,Los Angeles Lakers,2001-06-10,LAL @ PHI,PHI,26517,332,82.09750300709517
Slam Dunk Shot,Dunk,330,40000086,34.0443,0,0,-118.2698,3,3,1,2000-01,34,0,1.0,2PT Field Goal,Center(C),Restricted Area,Less Than 8 ft.,1610612747,Los Angeles Lakers,2001-06-13,LAL @ PHI,PHI,26535,214,0.0
Driving Finger Roll Shot,Layup,446,40100161,34.0443,0,0,-118.2698,6,4,1,2001-02,11,0,1.0,2PT Field Goal,Center(C),Restricted Area,Less Than 8 ft.,1610612747,Los Angeles Lakers,2002-04-21,LAL vs. POR,POR,26583,371,0.0
Driving Dunk Shot,Dunk,198,40100231,34.0443,0,0,-118.2698,7,2,1,2001-02,12,0,1.0,2PT Field Goal,Center(C),Restricted Area,Less Than 8 ft.,1610612747,Los Angeles Lakers,2002-05-05,LAL vs. SAS,SAS,26628,432,0.0
Driving Layup Shot,Layup,268,40100235,34.0443,0,0,-118.2698,7,3,1,2001-02,49,0,1.0,2PT Field Goal,Center(C),Restricted Area,Less Than 8 ft.,1610612747,Los Angeles Lakers,2002-05-14,LAL vs. SAS,SAS,26737,469,0.0
Slam Dunk Shot,Dunk,28,40100311,34.0443,0,0,-118.2698,7,1,1,2001-02,59,0,1.0,2PT Field Goal,Center(C),Restricted Area,Less Than 8 ft.,1610612747,Los Angeles Lakers,2002-05-18,LAL @ SAC,SAC,26747,479,0.0
Slam Dunk Shot,Dunk,90,40100311,34.0443,0,0,-118.2698,0,1,1,2001-02,3,0,1.0,2PT Field Goal,Center(C),Restricted Area,Less Than 8 ft.,1610612747,Los Angeles Lakers,2002-05-18,LAL @ SAC,SAC,26754,3,0.0
Driving Layup Shot,Layup,210,40100314,34.0443,0,0,-118.2698,5,2,1,2001-02,29,0,1.0,2PT Field Goal,Center(C),Restricted Area,Less Than 8 ft.,1610612747,Los Angeles Lakers,2002-05-26,LAL vs. SAC,SAC,26823,329,0.0
Jump Shot,Jump Shot,126,40100315,33.8843,77,160,-118.1928,9,2,1,2001-02,16,17,1.0,2PT Field Goal,Right Side Center(RC),Mid-Range,16-24 ft.,1610612747,Los Angeles Lakers,2002-05-28,LAL @ SAC,SAC,26849,556,177.56407294269863
Driving Layup Shot,Layup,442,40200173,34.0443,0,0,-118.2698,4,4,1,2002-03,12,0,1.0,2PT Field Goal,Center(C),Restricted Area,Less Than 8 ft.,1610612747,Los Angeles Lakers,2003-04-24,LAL vs. MIN,MIN,27066,252,0.0
Jump Shot,Jump Shot,400,40200176,33.9503,174,94,-118.0958,7,4,1,2002-03,29,19,1.0,2PT Field Goal,Right Side(R),Mid-Range,16-24 ft.,1610612747,Los Angeles Lakers,2003-05-01,LAL vs. MIN,MIN,27141,449,197.76754030932378
Jump Shot,Jump Shot,403,40200176,33.8153,117,229,-118.1528,7,4,1,2002-03,6,25,1.0,3PT Field Goal,Right Side Center(RC),Above the Break 3,24+ ft.,1610612747,Los Angeles Lakers,2003-05-01,LAL vs. MIN,MIN,27142,426,257.1575392633862
Jump Shot,Jump Shot,44,40200221,33.8423,26,202,-118.2438,7,1,1,2002-03,5,20,1.0,2PT Field Goal,Center(C),Mid-Range,16-24 ft.,1610612747,Los Angeles Lakers,2003-05-05,LAL @ SAS,SAS,27148,425,203.66639388961548
Driving Layup Shot,Layup,227,40200221,34.0443,0,0,-118.2698,1,2,1,2002-03,32,0,1.0,2PT Field Goal,Center(C),Restricted Area,Less Than 8 ft.,1610612747,Los Angeles Lakers,2003-05-05,LAL @ SAS,SAS,27162,92,0.0
Slam Dunk Shot,Dunk,335,40200224,34.0443,0,0,-118.2698,2,3,1,2002-03,33,0,1.0,2PT Field Goal,Center(C),Restricted Area,Less Than 8 ft.,1610612747,Los Angeles Lakers,2003-05-11,LAL vs. SAS,SAS,27249,153,0.0
Driving Layup Shot,Layup,58,40200226,34.0443,0,0,-118.2698,2,1,1,2002-03,55,0,1.0,2PT Field Goal,Center(C),Restricted Area,Less Than 8 ft.,1610612747,Los Angeles Lakers,2003-05-15,LAL vs. SAS,SAS,27288,175,0.0
Layup Shot,Layup,131,40300231,34.0273,6,17,-118.2638,9,2,1,2003-04,38,1,1.0,2PT Field Goal,Center(C),Restricted Area,Less Than 8 ft.,1610612747,Los Angeles Lakers,2004-05-02,LAL @ SAS,SAS,27410,578,18.027756377319946
Layup Shot,Layup,17,40300232,34.0343,29,10,-118.2408,9,1,1,2003-04,54,3,1.0,2PT Field Goal,Center(C),Restricted Area,Less Than 8 ft.,1610612747,Los Angeles Lakers,2004-05-05,LAL @ SAS,SAS,27432,594,30.67572330035593
Jump Shot,Jump Shot,135,40300232,33.9583,-179,86,-118.4488,8,2,1,2003-04,19,19,1.0,2PT Field Goal,Left Side(L),Mid-Range,16-24 ft.,1610612747,Los Angeles Lakers,2004-05-05,LAL @ SAS,SAS,27436,499,198.58751219550538
Running Jump Shot,Jump Shot,229,40300232,34.0133,38,31,-118.2318,11,3,1,2003-04,46,4,1.0,2PT Field Goal,Center(C),In The Paint (Non-RA),Less Than 8 ft.,1610612747,Los Angeles Lakers,2004-05-05,LAL @ SAS,SAS,27437,706,49.04079934095692
Driving Dunk Shot,Dunk,349,40300234,34.0443,0,0,-118.2698,0,3,1,2003-04,23,0,1.0,2PT Field Goal,Center(C),Restricted Area,Less Than 8 ft.,1610612747,Los Angeles Lakers,2004-05-11,LAL vs. SAS,SAS,27478,23,0.0
Driving Layup Shot,Layup,278,40300236,34.0443,0,0,-118.2698,5,3,1,2003-04,35,0,1.0,2PT Field Goal,Center(C),Restricted Area,Less Than 8 ft.,1610612747,Los Angeles Lakers,2004-05-15,LAL vs. SAS,SAS,27527,335,0.0
Jump Shot,Jump Shot,114,40300312,33.8983,130,146,-118.1398,11,2,1,2003-04,30,19,1.0,2PT Field Goal,Right Side Center(RC),Mid-Range,16-24 ft.,1610612747,Los Angeles Lakers,2004-05-23,LAL @ MIN,MIN,27563,690,195.48913013259843
Driving Layup Shot,Layup,205,40300315,34.0443,0,0,-118.2698,0,2,1,2003-04,50,0,1.0,2PT Field Goal,Center(C),Restricted Area,Less Than 8 ft.,1610612747,Los Angeles Lakers,2004-05-29,LAL @ MIN,MIN,27626,50,0.0
Driving Layup Shot,Layup,240,40300401,34.0443,0,0,-118.2698,0,2,1,2003-04,19,0,1.0,2PT Field Goal,Center(C),Restricted Area,Less Than 8 ft.,1610612747,Los Angeles Lakers,2004-06-06,LAL vs. DET,DET,27663,19,0.0
Dunk Shot,Dunk,122,40300405,34.0443,0,0,-118.2698,8,2,1,2003-04,58,0,1.0,2PT Field Goal,Center(C),Restricted Area,Less Than 8 ft.,1610612747,Los Angeles Lakers,2004-06-15,LAL @ DET,DET,27751,538,0.0
Driving Layup Shot,Layup,382,40600154,34.0443,0,0,-118.2698,0,3,1,2006-07,43,0,1.0,2PT Field Goal,Center(C),Restricted Area,Less Than 8 ft.,1610612747,Los Angeles Lakers,2007-04-29,LAL vs. PHX,PHX,28002,43,0.0
Layup Shot,Layup,31,40700141,34.0443,0,0,-118.2698,8,1,1,2007-08,45,0,1.0,2PT Field Goal,Center(C),Restricted Area,Less Than 8 ft.,1610612747,Los Angeles Lakers,2008-04-20,LAL vs. DEN,DEN,28043,525,0.0
Driving Reverse Layup Shot,Layup,466,40700142,34.0443,0,0,-118.2698,3,4,1,2007-08,43,0,1.0,2PT Field Goal,Center(C),Restricted Area,Less Than 8 ft.,1610612747,Los Angeles Lakers,2008-04-23,LAL vs. DEN,DEN,28090,223,0.0
Dunk Shot,Dunk,196,40700143,34.0443,0,0,-118.2698,4,2,1,2007-08,56,0,1.0,2PT Field Goal,Center(C),Restricted Area,Less Than 8 ft.,1610612747,Los Angeles Lakers,2008-04-26,LAL @ DEN,DEN,28098,296,0.0
Jump Shot,Jump Shot,260,40700144,33.9013,-210,143,-118.4798,11,3,1,2007-08,27,25,1.0,3PT Field Goal,Left Side Center(LC),Above the Break 3,24+ ft.,1610612747,Los Angeles Lakers,2008-04-28,LAL @ DEN,DEN,28123,687,254.0649523251879
Driving Layup Shot,Layup,429,40700144,34.0443,0,0,-118.2698,6,4,1,2007-08,48,0,1.0,2PT Field Goal,Center(C),Restricted Area,Less Than 8 ft.,1610612747,Los Angeles Lakers,2008-04-28,LAL @ DEN,DEN,28129,408,0.0
Driving Layup Shot,Layup,52,40700226,34.0443,0,0,-118.2698,6,1,1,2007-08,15,0,1.0,2PT Field Goal,Center(C),Restricted Area,Less Than 8 ft.,1610612747,Los Angeles Lakers,2008-05-16,LAL @ UTA,UTA,28235,375,0.0
Jump Shot,Jump Shot,19,40700313,34.0163,158,28,-118.1118,10,1,1,2007-08,10,16,1.0,2PT Field Goal,Right Side(R),Mid-Range,16-24 ft.,1610612747,Los Angeles Lakers,2008-05-25,LAL @ SAS,SAS,28290,610,160.4618334682737
Driving Layup Shot,Layup,210,40700313,34.0393,-3,5,-118.2728,0,2,1,2007-08,51,0,1.0,2PT Field Goal,Center(C),Restricted Area,Less Than 8 ft.,1610612747,Los Angeles Lakers,2008-05-25,LAL @ SAS,SAS,28300,51,5.830951894845301
Driving Layup Shot,Layup,89,40700403,34.0443,0,0,-118.2698,3,1,1,2007-08,9,0,1.0,2PT Field Goal,Center(C),Restricted Area,Less Than 8 ft.,1610612747,Los Angeles Lakers,2008-06-10,LAL vs. BOS,BOS,28426,189,0.0
Driving Layup Shot,Layup,181,40700403,34.0443,0,0,-118.2698,7,2,1,2007-08,6,0,1.0,2PT Field Goal,Center(C),Restricted Area,Less Than 8 ft.,1610612747,Los Angeles Lakers,2008-06-10,LAL vs. BOS,BOS,28429,426,0.0
Jump Shot,Jump Shot,270,40700404,33.9553,128,89,-118.1418,10,3,1,2007-08,58,15,1.0,2PT Field Goal,Right Side(R),Mid-Range,8-16 ft.,1610612747,Los Angeles Lakers,2008-06-12,LAL vs. BOS,BOS,28445,658,155.90060936378666
Driving Layup Shot,Layup,215,40800141,34.0443,0,0,-118.2698,3,2,1,2008-09,32,0,1.0,2PT Field Goal,Center(C),Restricted Area,Less Than 8 ft.,1610612747,Los Angeles Lakers,2009-04-19,LAL vs. UTA,UTA,28506,212,0.0
Jump Shot,Jump Shot,499,40800141,33.8953,-150,149,-118.4198,4,4,1,2008-09,49,21,1.0,2PT Field Goal,Left Side Center(LC),Mid-Range,16-24 ft.,1610612747,Los Angeles Lakers,2009-04-19,LAL vs. UTA,UTA,28516,289,211.42611002428245
Driving Layup Shot,Layup,130,40800145,34.0443,0,0,-118.2698,8,2,1,2008-09,35,0,1.0,2PT Field Goal,Center(C),Restricted Area,Less Than 8 ft.,1610612747,Los Angeles Lakers,2009-04-27,LAL vs. UTA,UTA,28590,515,0.0
Driving Layup Shot,Layup,490,40800221,34.0443,0,0,-118.2698,0,4,1,2008-09,42,0,1.0,2PT Field Goal,Center(C),Restricted Area,Less Than 8 ft.,1610612747,Los Angeles Lakers,2009-05-04,LAL vs. HOU,HOU,28635,42,0.0
Driving Layup Shot,Layup,502,40800222,34.0443,0,0,-118.2698,4,4,1,2008-09,46,0,1.0,2PT Field Goal,Center(C),Restricted Area,Less Than 8 ft.,1610612747,Los Angeles Lakers,2009-05-06,LAL vs. HOU,HOU,28660,286,0.0
Layup Shot,Layup,328,40800223,34.0443,0,0,-118.2698,2,3,1,2008-09,18,0,1.0,2PT Field Goal,Center(C),Restricted Area,Less Than 8 ft.,1610612747,Los Angeles Lakers,2009-05-08,LAL @ HOU,HOU,28681,138,0.0
Driving Reverse Layup Shot,Layup,82,40800225,34.0443,0,0,-118.2698,4,1,1,2008-09,2,0,1.0,2PT Field Goal,Center(C),Restricted Area,Less Than 8 ft.,1610612747,Los Angeles Lakers,2009-05-12,LAL vs. HOU,HOU,28712,242,0.0
Driving Layup Shot,Layup,239,40800314,34.0443,0,0,-118.2698,3,2,1,2008-09,39,0,1.0,2PT Field Goal,Center(C),Restricted Area,Less Than 8 ft.,1610612747,Los Angeles Lakers,2009-05-25,LAL @ DEN,DEN,28848,219,0.0
Driving Layup Shot,Layup,194,40900142,34.0443,0,0,-118.2698,6,2,1,2009-10,43,0,1.0,2PT Field Goal,Center(C),Restricted Area,Less Than 8 ft.,1610612747,Los Angeles Lakers,2010-04-20,LAL vs. OKC,OKC,29064,403,0.0
Driving Layup Shot,Layup,289,40900145,34.0443,0,0,-118.2698,10,3,1,2009-10,34,0,1.0,2PT Field Goal,Center(C),Restricted Area,Less Than 8 ft.,1610612747,Los Angeles Lakers,2010-04-27,LAL vs. OKC,OKC,29127,634,0.0
Layup Shot,Layup,441,40900231,34.0443,0,0,-118.2698,4,4,1,2009-10,56,0,1.0,2PT Field Goal,Center(C),Restricted Area,Less Than 8 ft.,1610612747,Los Angeles Lakers,2010-05-02,LAL vs. UTA,UTA,29167,296,0.0
Layup Shot,Layup,29,40900232,34.0443,0,0,-118.2698,9,1,1,2009-10,13,0,1.0,2PT Field Goal,Center(C),Restricted Area,Less Than 8 ft.,1610612747,Los Angeles Lakers,2010-05-04,LAL vs. UTA,UTA,29174,553,0.0
Driving Dunk Shot,Dunk,28,41100162,34.0403,10,4,-118.2598,9,1,1,2011-12,15,1,1.0,2PT Field Goal,Center(C),Restricted Area,Less Than 8 ft.,1610612747,Los Angeles Lakers,2012-05-01,LAL vs. DEN,DEN,29754,555,10.77032961426901
Driving Layup Shot,Layup,235,41100234,34.0333,20,11,-118.2498,0,2,1,2011-12,2,2,1.0,2PT Field Goal,Center(C),Restricted Area,Less Than 8 ft.,1610612747,Los Angeles Lakers,2012-05-19,LAL vs. OKC,OKC,29980,2,22.82542442102665
Driving Layup Shot,Layup,124,49700014,34.0443,0,0,-118.2698,10,2,1,1997-98,46,0,1.0,2PT Field Goal,Center(C),Restricted Area,Less Than 8 ft.,1610612747,Los Angeles Lakers,1998-04-26,LAL vs. POR,POR,30097,646,0.0
Driving Layup Shot,Layup,74,49700022,34.0443,0,0,-118.2698,2,1,1,1997-98,56,0,1.0,2PT Field Goal,Center(C),Restricted Area,Less Than 8 ft.,1610612747,Los Angeles Lakers,1998-04-28,LAL @ POR,POR,30102,176,0.0
Driving Layup Shot,Layup,125,49700073,34.0443,0,0,-118.2698,9,2,1,1997-98,31,0,1.0,2PT Field Goal,Center(C),Restricted Area,Less Than 8 ft.,1610612747,Los Angeles Lakers,1998-05-22,LAL vs. UTA,UTA,30157,571,0.0
Jump Shot,Jump Shot,13,49800007,33.9873,-106,57,-118.3758,10,1,1,1998-99,17,12,1.0,2PT Field Goal,Left Side(L),Mid-Range,8-16 ft.,1610612747,Los Angeles Lakers,1999-05-09,LAL vs. HOU,HOU,30162,617,120.35364556173607
Driving Layup Shot,Layup,390,49800007,34.0443,0,0,-118.2698,7,4,1,1998-99,33,0,1.0,2PT Field Goal,Center(C),Restricted Area,Less Than 8 ft.,1610612747,Los Angeles Lakers,1999-05-09,LAL vs. HOU,HOU,30170,453,0.0
Driving Layup Shot,Layup,71,49800032,34.0443,0,0,-118.2698,3,1,1,1998-99,20,0,1.0,2PT Field Goal,Center(C),Restricted Area,Less Than 8 ft.,1610612747,Los Angeles Lakers,1999-05-15,LAL @ HOU,HOU,30209,200,0.0
Layup Shot,Layup,390,49800042,34.0413,-8,3,-118.2778,6,4,1,1998-99,2,0,1.0,2PT Field Goal,Center(C),Restricted Area,Less Than 8 ft.,1610612747,Los Angeles Lakers,1999-05-17,LAL @ SAS,SAS,30239,362,8.54400374531753
Jump Shot,Jump Shot,468,49900028,33.8303,132,214,-118.1378,1,4,1,1999-00,3,25,1.0,3PT Field Goal,Right Side Center(RC),Above the Break 3,24+ ft.,1610612747,Los Angeles Lakers,2000-05-02,LAL @ SAC,SAC,30396,63,251.4358765172544
Tip Shot,Tip Shot,19,49900057,34.0443,0,0,-118.2698,9,1,1,1999-00,16,0,1.0,2PT Field Goal,Center(C),Restricted Area,Less Than 8 ft.,1610612747,Los Angeles Lakers,2000-05-12,LAL @ PHX,PHX,30446,556,0.0
